id	property_name	location	phone	map_link	property_type	furnishing	private_price	single_price	double_price	triple_price	starting_price	listing_type	is_available	created_at	updated_at	description	features	slug	is_deleted	avg_rating	review_count	city	last_verified_at	last_booked_at	last_review_at
1	Ashok PG Colive	Btm 1st stage	9663634346	https://maps.app.goo.gl/xGioX3jzEQHfy2wc7	PG	fully_furnished	NULL	9000.00	NULL	NULL	9000.00	rent	1	2026-01-31 13:04:30	2026-05-22 07:14:21	Experience comfortable living at Ashok PG Colive in Btm 1st stage. Fully furnished with modern amenities.	[wifi, power_backup, food, housekeeping, security, cctv, fingerprint, geyser, tv, refrigerator, washing machine, lift, terrace, common kitchen, bike parking, furniture, cupboards, attached bathroom, work desk, couple friendly]	NULL	0	NULL	0	bangalore	2026-05-16 11:07:38	NULL	NULL
2	Heaven coliving pg	Kadubeesanahalli	9666832111	https://maps.app.goo.gl/PX7S3UakFxZ8t5oQ9	PG	fully_furnished	NULL	NULL	NULL	NULL	13999.00	rent	1	2026-01-31 13:04:30	2026-05-22 07:14:21	Premium living space in Kadubeesanahalli. Ideal for professionals looking for comfort and convenience.	[wifi, power_backup, housekeeping, food, security, cctv, tv, refrigerator, washing machine, geyser, bike parking, terrace, lift, common kitchen, cupboards, furniture, attached bathroom, work desk, couple friendly, maintenance]	NULL	0	NULL	0	bangalore	2026-04-22 07:03:17	NULL	NULL
3	Chap & dona coliving	Munnekollal	7993556221	https://maps.app.goo.gl/bFjP7rZSGPzSMkZN6	PG	fully_furnished	NULL	22000.00	11000.00	NULL	9000.00	rent	1	2026-01-31 13:04:30	2026-05-22 07:14:21	Luxury coliving in Munnekollal with top-notch facilities. A perfect blend of style and comfort.	[wifi, power_backup, food, housekeeping, cctv, security, tv, refrigerator, washing machine, geyser, fingerprint, bike parking, terrace, lift, common kitchen, cupboards, attached bathroom, furniture, work desk, couple friendly]	NULL	0	5.00	1	bangalore	2026-05-22 07:14:21	NULL	2026-04-09 05:29:40
4	Urban coliving pg	Munnekollal	7993556221	https://maps.app.goo.gl/FNSSgCTCGpMUvFdi9	PG	fully_furnished	NULL	22000.00	11000.00	NULL	11000.00	rent	1	2026-01-31 13:04:30	2026-05-22 07:14:21	Affordable and stylish coliving in Munnekollal. Designed for modern living.	[wifi, power_backup, food, cctv, housekeeping, geyser, tv, refrigerator, washing machine, bike parking, terrace, lift, common kitchen, attached bathroom, cupboards, furniture, work desk, couple friendly]	NULL	0	NULL	0	bangalore	2026-05-16 11:07:38	NULL	NULL
5	Kings & queens colive(B)	Munnekollal	7993556221	https://maps.app.goo.gl/NbcVi6GvULbCYrmj8	PG	fully_furnished	NULL	22000.00	11000.00	NULL	10000.00	rent	1	2026-01-31 13:04:30	2026-05-22 07:14:21	Royal living experience in Munnekollal. Spacious rooms with premium furnishings.	[wifi, power_backup, food, housekeeping, security, cctv, tv, geyser, refrigerator, washing machine, bike parking, terrace, lift, common kitchen, cupboards, furniture, attached bathroom, study table, couple friendly]	NULL	0	NULL	0	bangalore	2026-05-16 11:07:38	NULL	NULL
6	MK Comforts Co-Live	Kundanahalli	9620845586	https://maps.app.goo.gl/pnwm4D8XhgSd2uma9	PG	fully_furnished	NULL	16500.00	9000.00	7000.00	9001.00	rent	1	2026-01-31 13:04:30	2026-05-22 07:14:21	Comfortable and spacious PG in Kundanahalli. Great community and excellent services.	[wifi, power_backup, housekeeping, food, cctv, geyser, tv, refrigerator, washing machine, bike parking, lift, common kitchen, terrace, cupboards, attached bathroom, furniture, work desk, couple friendly]	NULL	1	NULL	0	bangalore	2026-04-22 07:03:17	NULL	NULL
7	Urban premium co living pg	Nallurahalli	9666120076	https://maps.app.goo.gl/rubnERvsVJt1qMpi6	PG	fully_furnished	NULL	21000.00	11000.00	NULL	NULL	buy	1	2026-01-31 13:04:30	2026-05-22 07:14:21	Premium co-living space in Nallurahalli. Experience the best in class living standards.	NULL	NULL	1	NULL	0	bangalore	2026-04-22 07:03:17	NULL	NULL
8	At Home premium co living pg	Bellandur	9849575475	https://maps.app.goo.gl/Cq9t9SpH8vH8k1k68	PG	fully_furnished	NULL	NULL	12000.00	9000.00	9000.00	rent	1	2026-01-31 13:04:30	2026-05-22 07:14:21	Feel at home in Bellandur with our premium amenities. Secure and peaceful environment.	[power_backup, wifi, food, housekeeping, cctv, security, geyser, tv, refrigerator, washing machine, bike parking, terrace, lift, common kitchen, attached bathroom, cupboards, furniture, work desk, couple friendly]	NULL	0	NULL	0	bangalore	2026-04-18 10:23:52	NULL	NULL
9	Sgr Enclave Homes	Sarjapur	9849575475	https://maps.app.goo.gl/mobrcBykDqsvLQRE7	1BHK	fully_furnished	27000.00	NULL	NULL	NULL	NULL	buy	1	2026-01-31 13:04:30	2026-05-22 07:14:21	Spacious 1BHK in Sarjapur. Perfect for families or individuals looking for their own space.	NULL	NULL	1	NULL	0	bangalore	2026-04-18 10:23:52	NULL	NULL
10	Urban homes	Munnekollal	9849575475	https://maps.app.goo.gl/n3e2sFgDTnGPn9yi8	1RK	fully_furnished	17000.00	NULL	NULL	NULL	NULL	rent	1	2026-01-31 13:04:30	2026-05-22 07:14:21	Cozy 1RK studio in Munnekollal. Efficient and comfortable living solution.	NULL	NULL	1	NULL	0	NULL	2026-04-07 10:01:16	NULL	NULL
11	Test Property	Test Location	9876543210	NULL	1BHK	unfurnished	NULL	NULL	NULL	NULL	NULL	rent	1	2026-02-03 14:52:23	2026-05-22 07:14:21	This is a test property	NULL	NULL	1	NULL	0	NULL	2026-04-07 10:01:16	NULL	NULL
13	Test Decimal Prices PG	Test Location	9876543210	NULL	PG	fully_furnished	NULL	8500.50	6500.75	5000.25	NULL	rent	1	2026-02-03 15:10:21	2026-05-22 07:14:21	NULL	NULL	NULL	1	NULL	0	NULL	2026-04-07 10:01:16	NULL	NULL
65	Town Park ( Brooklyn) 2BHK	Attibele, Hosur Road, Bangalore	0000000000	NULL	2BHK	fully_furnished	NULL	NULL	NULL	NULL	NULL	buy	1	2026-03-20 05:42:17	2026-05-22 07:14:21	Resale	[]	NULL	0	NULL	0	bangalore	2026-04-18 10:23:52	NULL	NULL
66	Dream Garden 2BHK	Off Thanisandra Main Road, Bangalore	0000000000	NULL	2BHK	unfurnished	NULL	NULL	NULL	NULL	12500000.00	buy	1	2026-03-20 05:42:17	2026-05-22 07:14:21	NULL	[]	NULL	0	NULL	0	bangalore	2026-04-18 10:23:52	NULL	NULL
67	Godrej Woodscapes 3BHK	Budigere Cross, Old Madras Road, Bangalore	9999999999	NULL	3BHK	unfurnished	NULL	NULL	NULL	NULL	32000000.00	buy	1	2026-03-20 05:42:17	2026-05-22 07:14:21	RESALE	[terrace]	NULL	0	NULL	0	bangalore	2026-04-18 10:23:52	NULL	NULL
68	Premium Residential Plot	Upcoming Development Area	9999999999	NULL	Plot	unfurnished	NULL	NULL	NULL	NULL	3500000.00	buy	1	2026-03-20 05:42:17	2026-05-22 07:14:21	NULL	[]	NULL	0	NULL	0	bangalore	2026-04-30 06:57:50	NULL	NULL
69	Classic Gold House	BTM Layout - Stage 1, Bangalore	9035053319	NULL	PG	fully_furnished	NULL	NULL	NULL	NULL	14099.00	rent	1	2026-03-20 05:42:17	2026-05-22 07:14:21	NULL	[wifi, power_backup, food, housekeeping, cctv, security, geyser, tv, refrigerator, washing machine, bike parking, pool, terrace, lift, common kitchen, cupboards, attached bathroom, furniture, study table, couple friendly]	NULL	0	2.00	1	bangalore	2026-04-18 10:23:52	NULL	NULL
71	Daisy House	BTM Layout 1st Stage, Bangalore	7619277789	NULL	PG	fully_furnished	NULL	NULL	NULL	NULL	12599.00	rent	1	2026-03-20 05:42:17	2026-05-22 07:14:21	NULL	[wifi, power_backup, housekeeping, food, security, geyser, tv, refrigerator, washing machine, bike parking, balcony, terrace, lift, common kitchen, attached bathroom, cupboards, furniture, study table, couple friendly]	NULL	0	NULL	0	bangalore	2026-04-18 10:23:52	NULL	NULL
72	Golden Nest Colive	BTM Layout 1st Stage, Bangalore	8310005125	NULL	PG	fully_furnished	NULL	NULL	NULL	NULL	9099.00	rent	1	2026-03-20 05:42:18	2026-05-22 07:14:21	NULL	[wifi, power_backup, housekeeping, food, security, cctv, fingerprint, geyser, tv, refrigerator, washing machine, bike parking, terrace, lift, common kitchen, cupboards, attached bathroom, furniture, study table, couple friendly]	NULL	0	NULL	0	bangalore	2026-04-18 10:23:52	NULL	NULL
73	Lavender House	Bommanahalli, Bangalore	6366331789	NULL	PG	fully_furnished	NULL	NULL	NULL	NULL	13099.00	rent	1	2026-03-20 05:42:18	2026-05-22 07:14:21	NULL	[wifi, power_backup, food, housekeeping, security, cctv, fingerprint, geyser, tv, refrigerator, washing machine, bike parking, terrace, lift, common kitchen, attached bathroom, cupboards, furniture, work desk, couple friendly]	NULL	0	5.00	1	bangalore	2026-05-22 07:14:21	NULL	2026-03-24 12:12:31
74	Iris House	Bommanahalli, Bangalore	9035053318	NULL	PG	fully_furnished	NULL	NULL	NULL	NULL	12099.00	rent	1	2026-03-20 05:42:18	2026-05-22 07:14:21	NULL	[wifi, power_backup, food, housekeeping, security, cctv, fingerprint, tv, refrigerator, washing machine, geyser, bike parking, pool, terrace, lift, common kitchen, furniture, cupboards, attached bathroom, work desk, couple friendly]	NULL	0	NULL	0	bangalore	2026-04-18 10:23:52	NULL	NULL
75	Blossom House	Bommanahalli, Bangalore	9962031789	NULL	PG	fully_furnished	NULL	NULL	NULL	NULL	12099.00	rent	1	2026-03-20 05:42:18	2026-05-22 07:14:21	NULL	[wifi, power_backup, food, housekeeping, security, cctv, fingerprint, geyser, tv, refrigerator, washing machine, bike parking, terrace, lift, common kitchen, cupboards, attached bathroom, furniture, work desk, couple friendly]	NULL	0	NULL	0	bangalore	2026-04-18 10:23:52	NULL	NULL
76	Lotus House	BTM Layout Stage 2, Bangalore	7899700929	NULL	PG	fully_furnished	NULL	NULL	NULL	NULL	15099.00	rent	1	2026-03-20 05:42:18	2026-05-22 07:14:21	NULL	[wifi, power_backup, food, housekeeping, security, cctv, geyser, tv, refrigerator, washing machine, bike parking, lift, terrace, common kitchen, cupboards, attached bathroom, furniture, work desk, couple friendly]	NULL	0	NULL	0	bangalore	2026-04-18 10:23:52	NULL	NULL
77	Cherry Blossom	HSR Layout, Bangalore	9035942419	NULL	PG	fully_furnished	NULL	NULL	NULL	NULL	13099.00	rent	1	2026-03-20 05:42:18	2026-05-22 07:14:21	NULL	[wifi, power_backup, housekeeping, food, cctv, security, geyser, tv, refrigerator, washing machine, bike parking, terrace, lift, common kitchen, cupboards, attached bathroom, furniture, work desk, couple friendly]	NULL	0	NULL	0	bangalore	2026-04-18 10:23:52	NULL	NULL
78	Heaven Homes	Kadubeesanahalli, Bangalore	918150099911	NULL	1BHK	fully_furnished	NULL	NULL	NULL	NULL	33000.00	rent	1	2026-03-20 05:42:18	2026-05-22 07:14:21	NULL	[power_backup, cctv, tv, refrigerator, geyser, bike parking, terrace, common kitchen, furniture, cupboards, attached bathroom, work desk, couple friendly]	NULL	0	5.00	1	bangalore	2026-05-22 07:14:21	NULL	2026-04-09 05:27:42
79	Urban living Homes	Kundalahalli, Bangalore	918150099911	NULL	1BHK	semi_furnished	NULL	NULL	NULL	NULL	25999.00	rent	1	2026-03-20 05:42:18	2026-05-22 07:14:21	NULL	[cctv, tv, refrigerator, washing machine, bike parking, terrace, common kitchen, cupboards, attached bathroom, furniture, work desk, couple friendly]	NULL	0	5.00	1	bangalore	2026-05-22 07:14:21	NULL	2026-04-09 05:01:30
80	New living Homes	Bellandur, Bangalore	918150099911	NULL	1BHK	fully_furnished	NULL	NULL	NULL	NULL	34999.00	rent	1	2026-03-20 05:42:18	2026-05-22 07:14:21	NULL	[cctv, tv, refrigerator, washing machine, geyser, bike parking, terrace, common kitchen, cupboards, attached bathroom, furniture, work desk, couple friendly]	NULL	0	5.00	1	bangalore	2026-05-22 07:14:21	NULL	2026-04-09 05:28:53
82	Heaven Living New Homes	Munnekollal	0999999999	NULL	1RK	fully_furnished	NULL	NULL	NULL	NULL	15999.00	rent	1	2026-03-20 05:42:18	2026-05-22 07:14:21	NULL	[cctv, tv, geyser, refrigerator, washing machine, bike parking, common kitchen, terrace, cupboards, furniture, attached bathroom, couple friendly, work desk]	NULL	0	NULL	0	bangalore	2026-05-16 11:07:38	NULL	NULL
83	SGR Enclave	Sarjapur	9999999999	NULL	2BHK	fully_furnished	NULL	NULL	NULL	NULL	33999.00	rent	1	2026-03-20 05:42:18	2026-05-22 07:14:21	NULL	[cctv, geyser, tv, refrigerator, washing machine, bike parking, terrace, balcony, common kitchen, cupboards, attached bathroom, furniture, work desk, couple friendly]	NULL	0	0.00	0	bangalore	2026-04-18 10:23:52	NULL	NULL
84	Mari Gold	BTM Layout	0999999999	NULL	PG	fully_furnished	NULL	NULL	NULL	NULL	13099.00	rent	1	2026-03-20 05:42:19	2026-05-22 07:14:21	NULL	[power_backup, wifi, housekeeping, food, security, cctv, tv, geyser, refrigerator, washing machine, bike parking, terrace, lift, common kitchen, cupboards, attached bathroom, furniture, work desk, couple friendly]	NULL	0	NULL	0	bangalore	2026-04-22 07:03:17	NULL	NULL
85	Nesto Aloha Coliving	HSR Layout, Bangalore	0999999999	NULL	PG	fully_furnished	NULL	NULL	NULL	NULL	8000.00	rent	1	2026-03-20 05:42:19	2026-05-22 07:14:21	NULL	[wifi, food, power_backup, security, cctv, tv, geyser, refrigerator, washing machine, fingerprint, bike parking, terrace, common kitchen, lift, cupboards, furniture, attached bathroom, work desk, couple friendly]	NULL	0	NULL	0	bangalore	2026-04-18 10:23:52	NULL	NULL
86	RoyVibe Living	BTM/Koramangala	7777777777	NULL	1BHK	fully_furnished	NULL	NULL	NULL	NULL	25000.00	rent	1	2026-03-20 05:42:19	2026-05-22 07:14:21	NULL	[power_backup, cctv, tv, refrigerator, washing machine, geyser, bike parking, balcony, terrace, common kitchen, cupboards, attached bathroom, furniture, work desk, couple friendly]	NULL	0	NULL	0	bangalore	2026-04-18 10:23:52	NULL	NULL
87	Test Property	Test Location	9876543210	NULL	PG	unfurnished	NULL	NULL	NULL	NULL	NULL	rent	1	2026-03-20 05:42:19	2026-05-22 07:14:21	NULL	NULL	NULL	1	NULL	0	NULL	2026-04-07 10:01:20	NULL	NULL
88	Test Property 1	Test Location	9876543210	NULL	PG	unfurnished	NULL	NULL	NULL	NULL	NULL	rent	1	2026-03-20 05:42:19	2026-05-22 07:14:21	NULL	NULL	NULL	1	NULL	0	NULL	2026-04-07 10:01:21	NULL	NULL
90	Test Property 1	Test Location	9876543210	NULL	PG	unfurnished	NULL	NULL	NULL	NULL	NULL	rent	1	2026-03-20 05:42:19	2026-05-22 07:14:21	NULL	NULL	NULL	1	NULL	0	NULL	2026-04-07 10:01:21	NULL	NULL
91	Test Property 1	Test Location	9876543210	NULL	PG	unfurnished	NULL	NULL	NULL	NULL	NULL	rent	1	2026-03-20 05:42:19	2026-05-22 07:14:21	NULL	NULL	NULL	1	NULL	0	NULL	2026-04-07 10:01:21	NULL	NULL
93	Vasantha Homes	BTM Layout	9999999999	NULL	1BHK	fully_furnished	NULL	NULL	NULL	NULL	25000.00	rent	1	2026-03-20 05:42:20	2026-05-22 07:14:21	NULL	[cctv, geyser, tv, refrigerator, security, bike parking, terrace, common kitchen, attached bathroom, cupboards, furniture, couple friendly, work desk]	NULL	0	5.00	1	bangalore	2026-05-22 07:14:21	NULL	2026-04-09 05:00:47
94	Vasantha Coliving	BTM Layout	9999999999	NULL	PG	fully_furnished	NULL	NULL	NULL	NULL	9000.00	rent	1	2026-03-20 05:42:20	2026-05-22 07:14:21	NULL	[wifi, power_backup, food, housekeeping, security, cctv, tv, refrigerator, washing machine, geyser, bike parking, terrace, lift, common kitchen, cupboards, study table, couple friendly]	NULL	0	NULL	0	bangalore	2026-04-22 07:03:17	NULL	NULL
95	Vow Coliving	Kundalahalli	9999999999	NULL	PG	fully_furnished	NULL	NULL	NULL	NULL	11500.00	rent	1	2026-03-20 05:42:20	2026-05-22 07:14:21	NULL	[wifi, power_backup, food, housekeeping, security, cctv, fingerprint, geyser, tv, refrigerator, washing machine, bike parking, terrace, lift, common kitchen, balcony, cupboards, attached bathroom, work desk, couple friendly]	NULL	0	5.00	1	bangalore	2026-05-22 07:14:21	NULL	2026-04-07 10:05:48
96	Signature Luxury Colive	Bellandur	0999999999	NULL	PG	fully_furnished	NULL	NULL	NULL	NULL	15000.00	rent	1	2026-03-20 05:42:23	2026-05-22 07:14:21	NULL	[wifi, power_backup, housekeeping, food, security, cctv, fingerprint, geyser, tv, refrigerator, washing machine, bike parking, terrace, lift, common kitchen, cupboards, furniture, attached bathroom, work desk, couple friendly]	NULL	0	5.00	1	bangalore	2026-05-22 07:14:21	NULL	2026-04-07 10:06:55
97	Elite Homes	Marathahalli	9999999999	NULL	1BHK	fully_furnished	NULL	NULL	NULL	NULL	26000.00	rent	1	2026-03-20 05:42:23	2026-05-22 07:14:21	NULL	[power_backup, cctv, tv, refrigerator, geyser, bike parking, terrace, common kitchen, balcony, lift, furniture, cupboards, attached bathroom, couple friendly, work desk]	NULL	0	5.00	1	bangalore	2026-05-22 07:14:21	NULL	2026-04-09 05:02:32
98	Lavish Homes	Nallurhalli	9999999999	NULL	1BHK	fully_furnished	NULL	NULL	NULL	NULL	23999.00	rent	1	2026-03-20 05:42:23	2026-05-22 07:14:21	NULL	[wifi, cctv, tv, refrigerator, washing machine, bike parking, terrace, common kitchen, cupboards, furniture, couple friendly, attached bathroom]	NULL	0	0.00	0	bangalore	2026-04-22 07:03:17	NULL	NULL
99	Atlas Coliving	Koramangala	9999999999	NULL	PG	fully_furnished	NULL	NULL	NULL	NULL	10000.00	rent	1	2026-03-20 05:42:24	2026-05-22 07:14:21	NULL	[power_backup, wifi, food, housekeeping, security, cctv, refrigerator, washing machine, geyser, bike parking, terrace, common kitchen, lift, cupboards, attached bathroom, furniture, work desk, couple friendly]	NULL	0	NULL	0	bangalore	2026-04-18 10:23:52	NULL	NULL
100	Ronvix	BTM	9999999999	NULL	PG	semi_furnished	NULL	NULL	NULL	NULL	8500.00	rent	1	2026-03-20 05:42:24	2026-05-22 07:14:21	NULL	[wifi, power_backup, housekeeping, cctv, tv, geyser, refrigerator, bike parking, terrace, lift, common kitchen, balcony, cupboards, attached bathroom, furniture, work desk, couple friendly]	NULL	0	5.00	1	bangalore	2026-05-22 07:14:21	NULL	2026-04-09 05:25:28
101	Snugin Coliving	Bellandur	9999999999	NULL	PG	fully_furnished	NULL	NULL	NULL	NULL	13000.00	rent	1	2026-03-20 05:42:24	2026-05-22 07:14:21	NULL	[wifi, power_backup, housekeeping, food, security, cctv, tv, geyser, refrigerator, washing machine, bike parking, terrace, lift, common kitchen, cupboards, attached bathroom, furniture, work desk, couple friendly, gym]	NULL	0	NULL	0	bangalore	2026-04-18 10:23:52	NULL	NULL
102	SLC BHK 2	BTM Layout	9999999999	NULL	1BHK	fully_furnished	NULL	NULL	NULL	NULL	24000.00	rent	1	2026-03-20 05:42:30	2026-05-22 07:14:21	NULL	[cctv, tv, refrigerator, bike parking, common kitchen, balcony, terrace, furniture, cupboards, attached bathroom, work desk, couple friendly, geyser]	NULL	0	NULL	0	bangalore	2026-04-22 07:03:17	NULL	NULL
103	Flux Coliving	Marathahalli	9999999999	NULL	PG	fully_furnished	NULL	NULL	NULL	NULL	10000.00	rent	1	2026-03-20 05:42:30	2026-05-22 07:14:21	NULL	[wifi, power_backup, food, housekeeping, security, cctv, geyser, tv, refrigerator, washing machine, bike parking, terrace, lift, common kitchen, cupboards, attached bathroom, furniture, balcony, work desk, couple friendly]	NULL	0	5.00	1	bangalore	2026-05-22 07:14:21	NULL	2026-03-24 12:06:33
104	Orion Coliving	Marathahalli	9999999999	NULL	PG	fully_furnished	NULL	NULL	NULL	NULL	13000.00	rent	1	2026-03-20 05:42:31	2026-05-22 07:14:21	NULL	[wifi, power_backup, housekeeping, food, security, cctv, geyser, tv, refrigerator, washing machine, bike parking, terrace, lift, common kitchen, balcony, cupboards, furniture, attached bathroom, work desk, couple friendly]	NULL	0	5.00	1	bangalore	2026-05-22 07:14:21	NULL	2026-03-24 12:10:26
105	Flokq coliving	Marathahalli	0999999999	NULL	PG	fully_furnished	NULL	NULL	NULL	NULL	11000.00	rent	1	2026-03-20 05:42:31	2026-05-22 07:14:21	NULL	[wifi, power_backup, housekeeping, food, cctv, security, geyser, tv, refrigerator, washing machine, bike parking, terrace, lift, common kitchen, furniture, cupboards, attached bathroom, work desk, couple friendly, fingerprint]	NULL	0	5.00	1	bangalore	2026-05-22 07:14:21	NULL	2026-03-24 12:10:55
106	Cozy Ladies PG	Indiranagar	9999999999	NULL	PG	fully_furnished	NULL	NULL	NULL	NULL	9000.00	rent	1	2026-03-20 05:42:32	2026-05-22 07:14:21	NULL	[wifi, power_backup, food, housekeeping, cctv, security, fingerprint, geyser, tv, refrigerator, washing machine, bike parking, terrace, lift, common kitchen, cupboards, attached bathroom, furniture, work desk]	NULL	0	NULL	0	bangalore	2026-04-18 10:23:52	NULL	NULL
107	Cozy Rooms Gents PG	Indiranagar	9999999999	NULL	PG	fully_furnished	NULL	NULL	NULL	NULL	9000.00	rent	1	2026-03-20 05:42:32	2026-05-22 07:14:21	NULL	[power_backup, wifi, housekeeping, food, security, cctv, geyser, tv, refrigerator, washing machine, bike parking, lift, common kitchen, terrace, cupboards, furniture, attached bathroom, work desk]	NULL	0	NULL	0	bangalore	2026-04-18 10:23:52	NULL	NULL
108	NSR Luxury Coliving PG	New Tippasandra	9999999999	NULL	PG	fully_furnished	NULL	NULL	NULL	NULL	11500.00	rent	1	2026-03-20 05:42:32	2026-05-22 07:14:21	NULL	[wifi, power_backup, food, housekeeping, security, cctv, geyser, tv, refrigerator, bike parking, terrace, lift, common kitchen, cupboards, furniture, attached bathroom, work desk, couple friendly]	NULL	0	NULL	0	bangalore	2026-05-16 11:07:38	NULL	NULL
109	Cozeevo Coliving PG	Brookefield	9999999999	NULL	PG	fully_furnished	NULL	NULL	NULL	NULL	14000.00	rent	1	2026-03-20 05:42:32	2026-05-22 07:14:21	NULL	[wifi, power_backup, food, housekeeping, security, cctv, fingerprint, geyser, tv, refrigerator, washing machine, bike parking, terrace, lift, common kitchen, cupboards, furniture, attached bathroom, work desk, couple friendly]	NULL	0	5.00	1	bangalore	2026-05-22 07:14:21	NULL	2026-04-09 05:00:12
110	Flock 9 Coliving	Thubarahalli	9999999999	NULL	PG	fully_furnished	NULL	NULL	NULL	NULL	9000.00	rent	1	2026-03-20 19:45:44	2026-05-22 07:14:21	NULL	[wifi, power_backup, food, housekeeping, cctv, security, geyser, tv, refrigerator, washing machine, bike parking, terrace, lift, common kitchen, cupboards, attached bathroom, furniture, work desk, couple friendly]	flock-9-coliving	0	NULL	0	bangalore	2026-04-22 07:03:17	NULL	NULL
111	Arcade INN	AECS	9999999999	NULL	PG	fully_furnished	NULL	NULL	NULL	NULL	9000.00	rent	1	2026-03-20 19:48:03	2026-05-22 07:14:21	NULL	[wifi, power_backup, food, housekeeping, cctv, security, geyser, tv, refrigerator, washing machine, bike parking, terrace, lift, common kitchen, attached bathroom, cupboards, furniture, study table, couple friendly]	arcade-inn	0	NULL	0	bangalore	2026-05-16 11:07:38	NULL	NULL
112	Premium Urban living	Mahadevapura	9999999999	NULL	PG	fully_furnished	NULL	NULL	NULL	NULL	13999.00	rent	1	2026-03-20 19:57:09	2026-05-22 07:14:21	NULL	[power_backup, cctv, tv, geyser, refrigerator, bike parking, terrace, common kitchen, balcony, cupboards, attached bathroom, study table, furniture, couple friendly]	premium-urban-living	0	5.00	1	bangalore	2026-05-22 07:14:21	NULL	2026-04-09 05:30:18
113	Haveli Coliving	Munnekollal	9999999999	NULL	PG	fully_furnished	NULL	NULL	NULL	NULL	12500.00	rent	1	2026-03-20 20:00:22	2026-05-22 07:14:21	NULL	[wifi, power_backup, food, housekeeping, security, cctv, geyser, tv, refrigerator, washing machine, bike parking, terrace, common kitchen, lift, attached bathroom, cupboards, furniture, study table, couple friendly]	haveli-coliving	0	5.00	1	bangalore	2026-05-22 07:14:21	NULL	2026-04-09 05:30:58
114	Connect Coliving 2	Kundalahalli	9999999999	NULL	PG	fully_furnished	NULL	NULL	NULL	NULL	16999.00	rent	1	2026-03-20 20:03:55	2026-05-22 07:14:21	NULL	[wifi, power_backup, food, housekeeping, security, cctv, geyser, tv, refrigerator, washing machine, bike parking, lift, common kitchen, attached bathroom, cupboards, furniture, work desk, couple friendly]	connect-coliving-2	0	NULL	0	bangalore	2026-04-22 07:03:17	NULL	NULL
115	Pro Colive PG	Hsr layout	9999999999	NULL	PG	fully_furnished	NULL	NULL	NULL	NULL	16000.00	rent	1	2026-03-20 20:06:59	2026-05-22 07:14:21	NULL	[wifi, power_backup, food, housekeeping, cctv, security, tv, geyser, refrigerator, fingerprint, washing machine, bike parking, gym, terrace, lift, common kitchen, attached bathroom, cupboards, furniture, study table, couple friendly]	pro-colive-pg	0	NULL	0	bangalore	2026-04-18 10:23:52	NULL	NULL
116	Avinya Colive	Whitefield	9999999999	NULL	PG	semi_furnished	NULL	NULL	NULL	NULL	10999.00	rent	1	2026-03-20 20:09:46	2026-05-22 07:14:21	NULL	[wifi, power_backup, food, housekeeping, security, cctv, geyser, tv, refrigerator, washing machine, gym, bike parking, terrace, lift, common kitchen, attached bathroom, cupboards, furniture, work desk, couple friendly]	avinya-colive	0	NULL	0	bangalore	2026-04-18 10:23:52	NULL	NULL
117	DVR Coliving	Munnekollal	9999999999	NULL	PG	fully_furnished	NULL	NULL	NULL	NULL	11999.00	rent	1	2026-03-21 04:30:25	2026-05-22 07:14:21	NULL	[wifi, power_backup, food, housekeeping, security, cctv, geyser, tv, refrigerator, washing machine, bike parking, terrace, lift, common kitchen, attached bathroom, cupboards, furniture, work desk, couple friendly]	dvr-coliving	1	NULL	0	NULL	2026-04-07 10:01:26	NULL	NULL
118	Gina Artize Bommasandra	Bommasandra	9999999999	NULL	1BHK	fully_furnished	NULL	NULL	NULL	NULL	9999.00	rent	1	2026-03-21 04:36:26	2026-05-22 07:14:21	NULL	[power_backup, cctv, security, geyser, tv, refrigerator, washing machine, bike parking, terrace, lift, cupboards, attached bathroom, furniture, work desk, couple friendly, common kitchen]	gina-artize-bommasandra	0	NULL	0	bangalore	2026-05-16 11:07:38	NULL	NULL
119	Flechazo Coliving	Kadubeesanahalli	9999999999	NULL	PG	fully_furnished	NULL	NULL	NULL	NULL	9999.00	rent	1	2026-03-21 04:40:48	2026-05-22 07:14:21	NULL	[wifi, power_backup, food, housekeeping, security, cctv, fingerprint, geyser, tv, refrigerator, washing machine, bike parking, terrace, lift, common kitchen, attached bathroom, cupboards, furniture, work desk, couple friendly]	flechazo-coliving	0	NULL	0	bangalore	2026-04-22 07:03:17	NULL	NULL
120	Koinn Coliving	Whitefield	9999999999	NULL	PG	fully_furnished	NULL	NULL	NULL	NULL	9000.00	rent	1	2026-03-21 04:44:33	2026-05-22 07:14:21	NULL	[wifi, power_backup, food, housekeeping, cctv, security, geyser, tv, refrigerator, washing machine, bike parking, terrace, lift, common kitchen, attached bathroom, cupboards, furniture, study table, couple friendly]	koinn-coliving	0	5.00	1	bangalore	2026-05-22 07:14:21	NULL	2026-04-07 10:05:02
121	GVS Coliving	Munnekollal	9999999999	NULL	PG	fully_furnished	NULL	NULL	NULL	NULL	NULL	rent	1	2026-03-21 04:47:24	2026-05-22 07:14:21	NULL	[wifi, power_backup, food, housekeeping, cctv, security, geyser, tv, refrigerator, washing machine, bike parking, terrace, lift, common kitchen, attached bathroom, cupboards, furniture, work desk, couple friendly]	gvs-coliving	0	NULL	0	bangalore	2026-05-16 11:07:38	NULL	NULL
122	Livingnest Falcon Colive	Garvebhavi Palya	9999999999	NULL	PG	fully_furnished	NULL	NULL	NULL	NULL	10000.00	rent	1	2026-03-21 04:49:58	2026-05-22 07:14:21	NULL	[power_backup, wifi, food, housekeeping, security, cctv, fingerprint, geyser, tv, refrigerator, washing machine, bike parking, terrace, lift, common kitchen, attached bathroom, cupboards, furniture, work desk, couple friendly]	livingnest-falcon-colive	0	NULL	0	bangalore	2026-05-16 11:07:39	NULL	NULL
123	AA Sparrow nest Colive	Brookefield	9999999999	NULL	PG	fully_furnished	NULL	NULL	NULL	NULL	9000.00	rent	1	2026-03-21 04:54:56	2026-05-22 07:14:21	NULL	[power_backup, wifi, food, housekeeping, cctv, security, fingerprint, tv, geyser, refrigerator, washing machine, bike parking, terrace, lift, common kitchen, attached bathroom, cupboards, furniture, work desk, couple friendly]	aa-sparrow-nest-colive	0	NULL	0	bangalore	2026-04-18 10:23:52	NULL	NULL
124	Arcade INN Ladies PG	Bellandur	9999999999	NULL	PG	fully_furnished	NULL	NULL	NULL	NULL	9000.00	rent	1	2026-03-21 04:57:53	2026-05-22 07:14:21	NULL	[wifi, power_backup, food, housekeeping, cctv, security, fingerprint, geyser, tv, refrigerator, washing machine, bike parking, terrace, lift, common kitchen, attached bathroom, cupboards, furniture, work desk]	arcade-inn-ladies-pg	0	NULL	0	bangalore	2026-04-18 10:23:52	NULL	NULL
125	Astro Colive	Doddanekundi	9999999999	NULL	PG	semi_furnished	NULL	NULL	NULL	NULL	8000.00	rent	1	2026-03-21 05:01:31	2026-05-22 07:14:21	NULL	[wifi, power_backup, housekeeping, food, cctv, geyser, refrigerator, washing machine, bike parking, lift, common kitchen, terrace, attached bathroom, cupboards, furniture, study table, couple friendly]	astro-colive	0	NULL	0	bangalore	2026-04-22 07:03:17	NULL	NULL
126	AA Epsilon Premium Colive	Bellandur	9999999999	NULL	PG	fully_furnished	NULL	NULL	NULL	NULL	9000.00	rent	1	2026-03-21 05:05:27	2026-05-22 07:14:21	NULL	[power_backup, wifi, food, housekeeping, security, cctv, geyser, tv, refrigerator, washing machine, bike parking, lift, common kitchen, terrace, attached bathroom, cupboards, furniture, study table, couple friendly]	aa-epsilon-premium-colive	0	NULL	0	bangalore	2026-04-18 10:23:52	NULL	NULL
127	Kio Colive PG	BTM	9999999999	NULL	PG	fully_furnished	NULL	NULL	NULL	NULL	10000.00	rent	1	2026-03-21 05:07:59	2026-05-22 07:14:21	NULL	[power_backup, wifi, food, housekeeping, security, cctv, geyser, tv, refrigerator, washing machine, lift, common kitchen, terrace, attached bathroom, cupboards, furniture, study table, couple friendly]	kio-colive-pg	0	NULL	0	bangalore	2026-05-16 11:07:39	NULL	NULL
128	AA Sparrow Nest Premium Colive	Brookefield	9999999999	NULL	PG	fully_furnished	NULL	NULL	NULL	NULL	9000.00	rent	1	2026-03-21 05:14:02	2026-05-22 07:14:21	NULL	[wifi, power_backup, food, housekeeping, cctv, security, geyser, tv, refrigerator, washing machine, bike parking, terrace, lift, common kitchen, furniture, cupboards, attached bathroom, work desk, couple friendly]	aa-sparrow-nest-premium-colive	0	NULL	0	bangalore	2026-04-18 10:23:52	NULL	NULL
129	Lakshya Coliving	Koramangala	9999999999	NULL	PG	fully_furnished	NULL	NULL	NULL	NULL	NULL	rent	1	2026-03-21 05:17:03	2026-05-22 07:14:21	NULL	[wifi, power_backup, food, housekeeping, cctv, security, geyser, tv, refrigerator, washing machine, bike parking, terrace, lift, common kitchen, attached bathroom, cupboards, furniture, study table, couple friendly]	lakshya-coliving	0	NULL	0	bangalore	2026-04-18 10:23:52	NULL	NULL
130	KN Coliving	Bellandur	9999999999	NULL	PG	fully_furnished	NULL	NULL	NULL	NULL	10000.00	rent	1	2026-03-21 05:18:59	2026-05-22 07:14:21	NULL	[wifi, power_backup, housekeeping, food, cctv, geyser, refrigerator, washing machine, bike parking, terrace, lift, common kitchen, attached bathroom, cupboards, furniture, work desk, couple friendly]	kn-coliving	0	NULL	0	bangalore	2026-04-18 10:23:52	NULL	NULL
131	JR Luxury Living	Location	9999999999	NULL	PG	fully_furnished	NULL	NULL	NULL	NULL	10000.00	rent	1	2026-03-21 05:21:30	2026-05-22 07:14:21	NULL	[power_backup, wifi, housekeeping, food, security, cctv, refrigerator, washing machine, geyser, bike parking, terrace, lift, common kitchen, cupboards, attached bathroom, furniture, study table, couple friendly, balcony]	jr-luxury-living	0	NULL	0	bangalore	2026-05-16 11:07:39	NULL	NULL
132	AA Premium colive	Mahadevapura	9999999999	NULL	PG	fully_furnished	NULL	NULL	NULL	NULL	9000.00	rent	1	2026-03-21 05:23:45	2026-05-22 07:14:21	NULL	[wifi, power_backup, food, housekeeping, cctv, security, geyser, refrigerator, washing machine, bike parking, terrace, lift, common kitchen, attached bathroom, cupboards, furniture, study table, couple friendly, gym]	aa-premium-colive	0	NULL	0	bangalore	2026-04-22 07:03:17	NULL	NULL
133	MIO Colive	BTM Layout	9999999999	NULL	PG	fully_furnished	NULL	NULL	NULL	NULL	10000.00	rent	1	2026-03-21 05:25:52	2026-05-22 07:14:21	NULL	[wifi, power_backup, food, housekeeping, cctv, security, washing machine, refrigerator, geyser, bike parking, terrace, lift, common kitchen, attached bathroom, cupboards, furniture, study table, couple friendly]	mio-colive	0	NULL	0	bangalore	2026-04-22 07:03:17	NULL	NULL
134	MR & MRS Colive	Mahadevapura	9999999999	NULL	PG	fully_furnished	NULL	NULL	NULL	NULL	9500.00	rent	1	2026-03-21 05:27:16	2026-05-22 07:14:21	NULL	[wifi, power_backup, food, housekeeping, cctv, security, tv, refrigerator, washing machine, bike parking, terrace, lift, common kitchen, attached bathroom, cupboards, furniture, study table, couple friendly]	mr-mrs-colive	0	5.00	1	bangalore	2026-05-22 07:14:21	NULL	2026-04-09 05:28:03
135	Geet Coliving	Munnekollal	9999999999	NULL	PG	fully_furnished	NULL	NULL	NULL	NULL	10000.00	rent	1	2026-03-21 05:29:49	2026-05-22 07:14:21	NULL	[wifi, power_backup, food, housekeeping, cctv, security, geyser, refrigerator, washing machine, bike parking, terrace, lift, common kitchen, attached bathroom, cupboards, furniture, study table, couple friendly]	geet-coliving	0	NULL	0	bangalore	2026-05-16 11:07:39	NULL	NULL
136	My Homes	Bellandur	9999999999	NULL	1BHK	fully_furnished	NULL	NULL	NULL	NULL	29000.00	rent	1	2026-03-24 05:30:30	2026-05-22 07:14:21	NULL	[cctv, tv, refrigerator, geyser, bike parking, terrace, common kitchen, cupboards, attached bathroom, work desk, couple friendly]	my-homes	0	5.00	1	bangalore	2026-05-22 07:14:21	NULL	2026-04-09 05:02:02
137	Mass Residency LAV Mansion	BTM	9999999999	NULL	PG	semi_furnished	NULL	NULL	0.00	NULL	12000.00	rent	1	2026-03-24 07:40:27	2026-05-22 07:14:21	NULL	[wifi, power_backup, food, housekeeping, cctv, tv, geyser, refrigerator, washing machine, bike parking, terrace, lift, common kitchen, cupboards, attached bathroom, furniture, study table]	mass-residency-lav-mansion	0	NULL	0	bangalore	2026-05-16 11:07:39	NULL	NULL
138	VSR Coliving PG	Electronic City	9999999999	NULL	PG	fully_furnished	NULL	NULL	NULL	NULL	6500.00	rent	1	2026-03-24 09:14:34	2026-05-22 07:14:21	NULL	[wifi, power_backup, food, housekeeping, cctv, security, geyser, tv, refrigerator, washing machine, bike parking, terrace, lift, common kitchen, attached bathroom, cupboards, furniture, couple friendly]	vsr-coliving-pg	0	NULL	0	bangalore	2026-04-18 10:23:52	NULL	NULL
139	Brindavanam Coliving Spaces	Electronic City	9999999999	NULL	PG	fully_furnished	NULL	NULL	NULL	NULL	7000.00	rent	1	2026-03-24 09:19:42	2026-05-22 07:14:21	NULL	[wifi, power_backup, food, housekeeping, cctv, security, geyser, tv, refrigerator, washing machine, bike parking, terrace, lift, common kitchen, attached bathroom, cupboards, furniture, study table, couple friendly]	brindavanam-coliving-spaces	0	5.00	1	bangalore	2026-05-22 07:14:21	NULL	2026-04-07 10:03:38
140	Raghavendra Arcadian Live in	Electronic City	9999999999	NULL	PG	fully_furnished	NULL	NULL	NULL	NULL	7000.00	rent	1	2026-03-24 09:22:34	2026-05-22 07:14:21	NULL	[wifi, power_backup, food, housekeeping, cctv, security, geyser, tv, refrigerator, washing machine, bike parking, terrace, lift, common kitchen, attached bathroom, cupboards, furniture, study table, couple friendly]	raghavendra-arcadian-live-in	0	NULL	0	bangalore	2026-04-18 10:23:52	NULL	NULL
141	Skyra Coliving	Sarjapura	9999999999	NULL	PG	fully_furnished	NULL	NULL	NULL	NULL	11500.00	rent	1	2026-03-24 09:25:37	2026-05-22 07:14:21	NULL	[wifi, power_backup, food, housekeeping, cctv, security, geyser, tv, refrigerator, washing machine, bike parking, terrace, lift, common kitchen, attached bathroom, cupboards, furniture, study table, couple friendly]	skyra-coliving	0	5.00	1	bangalore	2026-05-22 07:14:21	NULL	2026-04-09 05:26:12
142	SR Premium Coliving	Bellandur	9999999999	NULL	PG	fully_furnished	NULL	NULL	NULL	NULL	12000.00	rent	1	2026-03-24 09:28:36	2026-05-22 07:14:21	NULL	[wifi, power_backup, food, housekeeping, security, cctv, geyser, tv, refrigerator, washing machine, bike parking, lift, terrace, common kitchen, attached bathroom, cupboards, work desk, couple friendly]	sr-premium-coliving	0	NULL	0	bangalore	2026-04-18 10:23:52	NULL	NULL
143	Cozy Homes	Marathahalli	9999999999	NULL	2BHK	fully_furnished	NULL	NULL	NULL	NULL	34000.00	rent	1	2026-03-26 05:46:47	2026-05-22 07:14:21	NULL	[cctv, tv, refrigerator, washing machine, geyser, parking, terrace, common kitchen, study table, attached bathroom, cupboards, furniture, couple friendly]	cozy-homes	0	5.00	1	bangalore	2026-05-22 07:14:21	NULL	2026-04-17 13:06:49
144	Lakshmana Durga Homes 1BHK	SilkBoard	9999999999	NULL	1BHK	fully_furnished	NULL	NULL	NULL	NULL	30000.00	rent	1	2026-03-26 05:58:03	2026-05-22 07:14:21	NULL	[cctv, refrigerator, tv, washing machine, bike parking, parking, lift, terrace, common kitchen, attached bathroom, cupboards, furniture, study table, couple friendly]	lakshmana-durga-property	0	5.00	1	bangalore	2026-05-22 07:14:21	NULL	2026-04-09 05:27:17
145	Lakshmana Durga Homes 2BHK	SilkBoard	9999999999	NULL	2BHK	fully_furnished	NULL	NULL	NULL	NULL	45000.00	rent	1	2026-03-27 11:03:57	2026-05-22 07:14:21	NULL	[power_backup, cctv, geyser, tv, refrigerator, washing machine, bike parking, parking, terrace, common kitchen, balcony, cupboards, attached bathroom, furniture, work desk, couple friendly]	lakshmana-durga-homes-2bhk	0	5.00	1	bangalore	2026-05-22 07:14:21	NULL	2026-04-09 05:26:52
146	Test Minimal Property	NULL	NULL	NULL	1BHK	unfurnished	NULL	NULL	NULL	NULL	NULL	rent	1	2026-04-03 19:19:14	2026-05-22 07:14:21	NULL	null	test-minimal-property	1	NULL	0	NULL	2026-04-07 10:01:32	NULL	NULL
147	Test Minimal Property with Price	NULL	NULL	NULL	1BHK	unfurnished	NULL	NULL	NULL	NULL	15000.00	rent	1	2026-04-03 19:22:32	2026-05-22 07:14:21	NULL	null	test-minimal-property-with-price	1	NULL	0	NULL	2026-04-07 10:01:33	NULL	NULL
148	Mariyas living coliving pg	Sarjapura	9999999999	NULL	PG	semi_furnished	NULL	NULL	NULL	NULL	9000.00	rent	1	2026-04-06 07:08:51	2026-05-22 07:14:21	NULL	[wifi, power_backup, food, housekeeping, cctv, refrigerator, washing machine, geyser, bike parking, lift, terrace, common kitchen, attached bathroom, cupboards, furniture, work desk, couple friendly]	mariyas-living-coliving-pg	0	NULL	0	bangalore	2026-04-18 10:23:52	NULL	NULL
149	Connect coliving prime	Thubarahalli	9999999999	NULL	PG	fully_furnished	NULL	NULL	NULL	NULL	9000.00	rent	1	2026-04-06 07:14:02	2026-05-22 07:14:21	NULL	[wifi, power_backup, food, housekeeping, cctv, security, geyser, tv, refrigerator, washing machine, bike parking, terrace, lift, common kitchen, attached bathroom, cupboards, furniture, work desk, couple friendly]	connect-coliving-prime	0	5.00	1	bangalore	2026-05-22 07:14:21	NULL	2026-04-07 10:04:25
150	URBAN LIVING BHK	Bellandur	9999999999	NULL	1BHK	fully_furnished	NULL	NULL	NULL	NULL	28000.00	rent	1	2026-04-06 07:28:18	2026-05-22 07:14:21	NULL	[cctv, tv, refrigerator, washing machine, bike parking, terrace, common kitchen, lift, attached bathroom, cupboards, furniture, work desk, couple friendly]	urban-living-bhk	0	NULL	0	bangalore	2026-04-18 10:23:52	NULL	NULL
151	Whitestone BHK	BTM	9999999999	NULL	1BHK	fully_furnished	NULL	NULL	NULL	NULL	25000.00	rent	1	2026-04-06 07:33:58	2026-05-22 07:14:21	NULL	[power_backup, cctv, security, tv, refrigerator, washing machine, geyser, parking, bike parking, terrace, lift, common kitchen, attached bathroom, cupboards, furniture, work desk, couple friendly]	whitestone-bhk	0	5.00	1	bangalore	2026-05-22 07:14:21	NULL	2026-04-17 13:08:32
152	Urban Living 1 RK & 1BHK	Kundalahalli	9999999999	NULL	1BHK	fully_furnished	NULL	NULL	NULL	NULL	15999.00	rent	1	2026-04-06 07:44:23	2026-05-22 07:14:21	NULL	[cctv, power_backup, security, refrigerator, tv, washing machine, geyser, bike parking, terrace, lift, common kitchen, attached bathroom, cupboards, furniture, work desk, couple friendly]	urban-living-1-rk-1bhk	0	NULL	0	bangalore	2026-04-22 07:03:17	NULL	NULL
153	Orchid House	BTM Layout	9999999999	NULL	PG	fully_furnished	NULL	NULL	NULL	NULL	13099.00	rent	1	2026-04-07 04:56:21	2026-05-22 07:14:21	NULL	[wifi, power_backup, food, housekeeping, in-house cafeteria, cctv, security, fingerprint, geyser, refrigerator, washing machine, laundry, bike parking, lift, attached bathroom, couple friendly]	orchid-house	0	5.00	1	bangalore	2026-05-22 07:14:21	NULL	2026-04-07 09:27:46
154	Nesto Amigos Co-Living PG	BTM	9999999999	NULL	PG	fully_furnished	NULL	NULL	NULL	NULL	7000.00	rent	1	2026-04-07 08:07:10	2026-05-22 07:14:21	NULL	[wifi, power_backup, food, housekeeping, cctv, tv, refrigerator, washing machine, bike parking, terrace, lift, common kitchen, attached bathroom, cupboards, furniture, couple friendly]	nesto-amigos-co-living-pg	0	0.00	0	bangalore	2026-05-16 11:07:39	NULL	NULL
155	Akshayam Residency	BTM Layout	9999999999	NULL	1BHK	fully_furnished	NULL	NULL	NULL	NULL	23000.00	rent	1	2026-04-10 12:16:38	2026-05-22 07:14:21	NULL	[power_backup, cctv, security, tv, refrigerator, washing machine, geyser, bike parking, terrace, lift, common kitchen, balcony, cupboards, attached bathroom, furniture, couple friendly, work desk, gym]	akshayam-residency	0	5.00	1	bangalore	2026-05-22 07:14:21	NULL	2026-04-10 12:17:14
156	Silver storm	Tavarekere , BTM Layout	9999999999	NULL	1BHK	fully_furnished	NULL	NULL	NULL	NULL	27000.00	rent	1	2026-04-10 13:25:13	2026-05-22 07:14:21	NULL	[power_backup, cctv, geyser, tv, refrigerator, washing machine, lift, bike parking, terrace, common kitchen, cupboards, attached bathroom, furniture, work desk, couple friendly]	silver-storm	0	0.00	0	bangalore	2026-04-22 07:03:17	NULL	NULL
157	Earth space Lakeview	BTM Layout	9999999999	NULL	1BHK	fully_furnished	NULL	NULL	NULL	NULL	24500.00	rent	1	2026-04-10 13:33:52	2026-05-22 07:14:21	NULL	[power_backup, cctv, tv, refrigerator, wifi, washing machine, bike parking, lift, common kitchen, terrace, attached bathroom, cupboards, furniture, study table, couple friendly]	earth-space-lakeview	0	0.00	0	bangalore	2026-04-22 07:03:17	NULL	NULL
158	Ekta 1RK Studio Room	Kadubeesanahalli	9999999999	NULL	1RK	fully_furnished	NULL	NULL	NULL	NULL	21000.00	rent	1	2026-04-11 07:05:12	2026-05-22 07:14:21	NULL	[wifi, power_backup, cctv, geyser, refrigerator, tv, washing machine, bike parking, terrace, lift, common kitchen, attached bathroom, cupboards, furniture, work desk, couple friendly, balcony]	ekta-1rk-studio-room	0	5.00	1	bangalore	2026-05-22 07:14:21	NULL	2026-04-17 13:10:38
159	Infinity Premium Homes	kadubeesanahalli	9999999999	NULL	1BHK	fully_furnished	NULL	NULL	NULL	NULL	26000.00	rent	1	2026-04-11 10:41:23	2026-05-22 07:14:21	NULL	[power_backup, cctv, security, fingerprint, geyser, tv, refrigerator, washing machine, parking, gym, terrace, lift, common kitchen, attached bathroom, cupboards, furniture, work desk, couple friendly]	infinity-premium-homes	0	5.00	1	bangalore	2026-05-22 07:14:21	NULL	2026-04-17 13:11:28
160	5 STAR INN CO-LIVING	Whitefield	9999999999	NULL	PG	fully_furnished	NULL	NULL	NULL	NULL	7000.00	rent	1	2026-04-14 07:04:53	2026-05-22 07:14:21	NULL	[wifi, power_backup, food, housekeeping, cctv, security, geyser, ac, tv, refrigerator, washing machine, bike parking, terrace, lift, common kitchen, balcony, attached bathroom, cupboards, furniture, work desk, couple friendly, gym]	5-star-inn-co-living	0	5.00	1	bangalore	2026-05-22 07:14:21	NULL	2026-04-17 12:26:11
161	Sri Latha PG For Co-live	Electronic City phase -1	9999999999	NULL	PG	fully_furnished	NULL	NULL	NULL	NULL	6000.00	rent	1	2026-04-14 07:12:28	2026-05-22 07:14:21	NULL	[wifi, power_backup, food, housekeeping, cctv, security, fingerprint, geyser, tv, refrigerator, washing machine, bike parking, terrace, lift, common kitchen, attached bathroom, cupboards, furniture, work desk, couple friendly]	sri-latha-pg-for-co-live	0	0.00	0	bangalore	2026-04-18 10:23:52	NULL	NULL
162	Krishna Habitat	BTM Layout	9999999999	NULL	1RK	fully_furnished	NULL	NULL	NULL	NULL	17000.00	rent	1	2026-04-14 07:22:21	2026-05-22 07:14:21	NULL	[geyser, tv, refrigerator, washing machine, bike parking, power_backup, fingerprint, cctv, lift, common kitchen, terrace, balcony, cupboards, attached bathroom, furniture, work desk, couple friendly]	krishna-habitat	0	0.00	0	bangalore	2026-04-22 07:03:17	NULL	NULL
163	Signature Residency - 18	BTM Layout	9999999999	NULL	1BHK	fully_furnished	NULL	NULL	NULL	NULL	25000.00	rent	1	2026-04-14 07:29:26	2026-05-22 07:14:21	NULL	[cctv, geyser, tv, refrigerator, washing machine, fingerprint, bike parking, terrace, lift, common kitchen, furniture, cupboards, attached bathroom, work desk, couple friendly]	signature-residency-18	0	0.00	0	bangalore	2026-04-22 07:03:17	NULL	NULL
164	KNR coliving	Madiwala	9999999999	NULL	PG	fully_furnished	NULL	NULL	NULL	NULL	8000.00	rent	1	2026-04-14 07:38:46	2026-05-22 07:14:21	NULL	[wifi, power_backup, food, cctv, fingerprint, geyser, tv, refrigerator, washing machine, bike parking, terrace, lift, common kitchen, attached bathroom, cupboards, furniture, work desk, couple friendly]	knr-coliving	0	0.00	0	bangalore	2026-05-16 11:07:39	NULL	NULL
165	PRO4 Elegant	Whitefeild	9999999999	NULL	PG	fully_furnished	NULL	NULL	NULL	NULL	14000.00	rent	1	2026-04-14 09:50:53	2026-05-22 07:14:21	NULL	[wifi, power_backup, food, cctv, fingerprint, geyser, tv, washing machine, refrigerator, bike parking, parking, terrace, lift, common kitchen, attached bathroom, cupboards, furniture, work desk, couple friendly]	pro4-elegant	0	5.00	1	bangalore	2026-05-22 07:14:21	NULL	2026-04-17 12:21:30
166	PRO4 Retreat	Whitefeild	9999999999	NULL	PG	fully_furnished	NULL	NULL	NULL	NULL	12000.00	rent	1	2026-04-14 09:54:11	2026-05-22 07:14:21	NULL	[wifi, power_backup, food, housekeeping, cctv, fingerprint, tv, geyser, refrigerator, washing machine, bike parking, terrace, lift, common kitchen, attached bathroom, cupboards, furniture, work desk, couple friendly]	pro4-retreat	0	0.00	0	bangalore	2026-05-16 11:07:39	NULL	NULL
167	Pro4 Laavish	Marathahalli	9999999999	NULL	PG	fully_furnished	NULL	NULL	NULL	NULL	15000.00	rent	1	2026-04-14 09:57:41	2026-05-22 07:14:21	NULL	[wifi, power_backup, food, housekeeping, cctv, fingerprint, geyser, tv, refrigerator, washing machine, bike parking, terrace, lift, balcony, common kitchen, attached bathroom, cupboards, furniture, work desk, couple friendly]	pro4-laavish	0	5.00	1	bangalore	2026-05-22 07:14:21	NULL	2026-04-17 12:28:57
168	Pro4 Posh	Whitefield	9999999999	NULL	PG	fully_furnished	NULL	NULL	NULL	NULL	14000.00	rent	1	2026-04-14 09:59:53	2026-05-22 07:14:21	NULL	[wifi, power_backup, food, housekeeping, cctv, fingerprint, geyser, tv, refrigerator, washing machine, bike parking, terrace, lift, common kitchen, attached bathroom, cupboards, furniture, work desk, couple friendly]	pro4-posh	0	0.00	0	bangalore	2026-04-18 10:23:52	NULL	NULL
169	Pro4 Pavillion	AECS Layout	9999999999	NULL	PG	fully_furnished	NULL	NULL	NULL	NULL	14000.00	rent	1	2026-04-14 10:07:52	2026-05-22 07:14:21	NULL	[wifi, power_backup, food, housekeeping, cctv, fingerprint, geyser, tv, refrigerator, washing machine, bike parking, terrace, lift, common kitchen, attached bathroom, cupboards, furniture, work desk, couple friendly]	pro4-pavillion	0	0.00	0	bangalore	2026-05-16 11:07:39	NULL	NULL
170	Pro4 Neeladiri	Marathahalli	9999999999	NULL	PG	fully_furnished	NULL	NULL	NULL	NULL	13000.00	rent	1	2026-04-14 10:16:18	2026-05-22 07:14:21	NULL	[wifi, power_backup, food, housekeeping, cctv, fingerprint, geyser, tv, refrigerator, washing machine, bike parking, terrace, lift, common kitchen, attached bathroom, cupboards, furniture, work desk, couple friendly]	pro4-neeladiri	0	0.00	0	bangalore	2026-04-18 10:23:52	NULL	NULL
171	Pro4 Elite A	Marathahalli	9999999999	NULL	1RK	fully_furnished	NULL	NULL	NULL	NULL	14000.00	rent	1	2026-04-14 10:23:04	2026-05-22 07:14:21	NULL	[wifi, power_backup, food, cctv, fingerprint, geyser, tv, refrigerator, washing machine, bike parking, terrace, lift, common kitchen, attached bathroom, cupboards, furniture, work desk, couple friendly, balcony]	pro4-elite-a	0	0.00	0	bangalore	2026-04-18 10:23:52	NULL	NULL
172	Pro4 Elite B	Marathahalli	9999999999	NULL	1RK	fully_furnished	NULL	NULL	NULL	NULL	14000.00	rent	1	2026-04-14 10:45:17	2026-05-22 07:14:21	NULL	[wifi, power_backup, food, cctv, security, fingerprint, geyser, tv, washing machine, refrigerator, bike parking, terrace, lift, common kitchen, cupboards, furniture, attached bathroom, work desk, couple friendly]	pro4-elite-b	0	0.00	0	bangalore	2026-04-18 10:23:52	NULL	NULL
173	Pro4 Elite C	Marathahalli	9999999999	NULL	PG	fully_furnished	NULL	NULL	NULL	NULL	13000.00	rent	1	2026-04-14 10:48:36	2026-05-22 07:14:21	NULL	[wifi, food, power_backup, housekeeping, fingerprint, cctv, geyser, tv, refrigerator, washing machine, bike parking, terrace, lift, common kitchen, attached bathroom, cupboards, furniture, work desk, couple friendly]	pro4-elite-c	0	0.00	0	bangalore	2026-04-18 10:23:52	NULL	NULL
174	Pro4 Nova	Marathahalli	9999999999	NULL	PG	fully_furnished	NULL	NULL	NULL	NULL	14000.00	rent	1	2026-04-14 11:27:37	2026-05-22 07:14:21	NULL	[wifi, power_backup, food, housekeeping, cctv, fingerprint, tv, geyser, refrigerator, washing machine, bike parking, terrace, lift, common kitchen, attached bathroom, cupboards, furniture, work desk, couple friendly]	pro4-nova	0	5.00	1	bangalore	2026-05-22 07:14:21	NULL	2026-04-17 12:25:30
175	Pro4 Meadows	Munnekollal	9999999999	NULL	PG	fully_furnished	NULL	NULL	NULL	NULL	13000.00	rent	1	2026-04-14 11:35:17	2026-05-22 07:14:21	NULL	[wifi, power_backup, food, housekeeping, cctv, fingerprint, geyser, tv, refrigerator, washing machine, bike parking, terrace, lift, common kitchen, attached bathroom, cupboards, furniture, work desk, couple friendly]	pro4-meadows	0	0.00	0	bangalore	2026-05-16 11:07:39	NULL	NULL
176	Pro4 Meridian	Marathahalli	9999999999	NULL	PG	fully_furnished	NULL	NULL	NULL	NULL	15000.00	rent	1	2026-04-14 11:39:33	2026-05-22 07:14:21	NULL	[wifi, power_backup, food, housekeeping, cctv, fingerprint, geyser, tv, refrigerator, washing machine, bike parking, terrace, lift, common kitchen, attached bathroom, cupboards, furniture, work desk, couple friendly]	pro4-meridian	0	0.00	0	bangalore	2026-04-18 10:23:52	NULL	NULL
177	Pro4 Regal	Munnekollal	9999999999	NULL	PG	fully_furnished	NULL	NULL	NULL	NULL	13000.00	rent	1	2026-04-14 11:41:53	2026-05-22 07:14:21	NULL	[wifi, power_backup, food, housekeeping, cctv, fingerprint, tv, geyser, refrigerator, washing machine, bike parking, terrace, lift, common kitchen, attached bathroom, cupboards, furniture, work desk, couple friendly]	pro4-regal	0	5.00	1	bangalore	2026-05-22 07:14:21	NULL	2026-04-17 12:23:39
178	Pro4 Aroona	Marathahalli	9999999999	NULL	PG	fully_furnished	NULL	NULL	NULL	NULL	15000.00	rent	1	2026-04-14 11:44:04	2026-05-22 07:14:21	NULL	[wifi, power_backup, food, housekeeping, cctv, fingerprint, tv, geyser, refrigerator, washing machine, bike parking, terrace, lift, common kitchen, attached bathroom, cupboards, furniture, work desk, couple friendly]	pro4-aroona	0	0.00	0	bangalore	2026-04-18 10:23:52	NULL	NULL
179	Pro4 Socio	AECS Layout	9999999999	NULL	PG	fully_furnished	NULL	NULL	NULL	NULL	13000.00	rent	1	2026-04-14 11:46:18	2026-05-22 07:14:21	NULL	[wifi, power_backup, food, housekeeping, cctv, fingerprint, geyser, tv, refrigerator, washing machine, bike parking, terrace, lift, common kitchen, cupboards, attached bathroom, furniture, work desk, couple friendly]	pro4-socio	0	0.00	0	bangalore	2026-05-16 11:07:39	NULL	NULL
180	Pro4 Ville	Marathahalli	9999999999	NULL	PG	fully_furnished	NULL	NULL	NULL	NULL	12000.00	rent	1	2026-04-14 11:48:36	2026-05-22 07:14:21	NULL	[power_backup, wifi, food, housekeeping, cctv, fingerprint, geyser, tv, refrigerator, washing machine, bike parking, terrace, lift, common kitchen, attached bathroom, cupboards, furniture, work desk, couple friendly]	pro4-ville	0	5.00	1	bangalore	2026-05-22 07:14:21	NULL	2026-04-17 12:20:59
181	Lalitha Homes studio apartment	Doddanekkundi	9999999999	NULL	1BHK	fully_furnished	NULL	NULL	NULL	NULL	21000.00	rent	1	2026-04-15 11:30:44	2026-05-22 07:14:21	NULL	[power_backup, cctv, geyser, tv, refrigerator, washing machine, bike parking, balcony, terrace, lift, common kitchen, attached bathroom, cupboards, furniture, work desk, couple friendly]	lalitha-homes-studio-apartment	0	0.00	0	bangalore	2026-05-16 11:07:39	NULL	NULL
182	Vaaradhi  coliving pg	Whitefield	9999999999	NULL	PG	fully_furnished	NULL	NULL	0.00	NULL	7000.00	rent	1	2026-04-15 11:38:05	2026-05-22 07:14:21	NULL	[wifi, power_backup, food, cctv, housekeeping, geyser, tv, refrigerator, washing machine, terrace, lift, common kitchen, attached bathroom, cupboards, furniture, work desk, couple friendly]	vaaradhi-coliving-pg	0	0.00	0	bangalore	2026-04-18 10:23:52	NULL	NULL
183	My stay @Tabun coliving pg	Pattandur Agrahara	9999999999	NULL	PG	fully_furnished	NULL	NULL	NULL	NULL	8000.00	rent	1	2026-04-15 11:51:19	2026-05-22 07:14:21	NULL	[wifi, power_backup, food, housekeeping, cctv, security, geyser, tv, refrigerator, washing machine, bike parking, terrace, lift, common kitchen, attached bathroom, cupboards, furniture, couple friendly, work desk]	my-stay-tabun-coliving-pg	0	0.00	0	bangalore	2026-05-16 11:07:39	NULL	NULL
184	PALMORA PREMIUM GENTS PG	HSR layout	9999999999	NULL	PG	fully_furnished	NULL	NULL	NULL	NULL	10000.00	rent	1	2026-04-15 11:56:08	2026-05-22 07:14:21	NULL	[wifi, power_backup, food, housekeeping, cctv, fingerprint, tv, geyser, refrigerator, washing machine, bike parking, terrace, lift, common kitchen, attached bathroom, cupboards, furniture, work desk]	palmora-premium-gents-pg	0	5.00	1	bangalore	2026-05-22 07:14:21	NULL	2026-04-17 12:22:52
185	V R Tranquil inn	Bommanahalli	NULL	NULL	PG	fully_furnished	NULL	NULL	NULL	NULL	8500.00	rent	1	2026-04-15 11:59:57	2026-05-22 07:14:21	NULL	[wifi, power_backup, food, cctv, fingerprint, geyser, tv, refrigerator, washing machine, bike parking, terrace, lift, common kitchen, attached bathroom, cupboards, furniture, work desk, couple friendly]	v-r-tranquil-inn	0	0.00	0	bangalore	2026-04-22 07:03:17	NULL	NULL
186	Priyanshu coliving pg	Bommanahalli	9999999999	NULL	PG	fully_furnished	NULL	NULL	NULL	NULL	9500.00	rent	1	2026-04-15 12:52:30	2026-05-22 07:14:21	NULL	[wifi, power_backup, food, housekeeping, cctv, fingerprint, geyser, tv, refrigerator, washing machine, bike parking, terrace, lift, common kitchen, attached bathroom, couple friendly, work desk]	priyanshu-coliving-pg	0	0.00	0	bangalore	2026-04-22 07:03:17	NULL	NULL
187	Urban Homes	kasavanahalli	9999999999	NULL	2BHK	fully_furnished	NULL	NULL	NULL	NULL	42000.00	rent	1	2026-04-15 12:55:51	2026-05-22 07:14:21	NULL	[power_backup, tv, cctv, refrigerator, washing machine, geyser, bike parking, terrace, lift, common kitchen, attached bathroom, cupboards, furniture, work desk, couple friendly]	urban-homes	0	5.00	1	bangalore	2026-05-22 07:14:21	NULL	2026-04-16 06:09:38
188	We Live coliving pg	Whitefield	9999999999	NULL	PG	fully_furnished	NULL	NULL	NULL	NULL	12000.00	rent	1	2026-04-15 12:59:19	2026-05-22 07:14:21	NULL	[wifi, power_backup, food, housekeeping, cctv, geyser, tv, refrigerator, washing machine, terrace, lift, common kitchen, cupboards, attached bathroom, furniture, couple friendly, work desk]	we-live-coliving-pg	0	5.00	1	bangalore	2026-05-22 07:14:21	NULL	2026-04-17 12:22:03
189	Peepal Tree 1BHK	HSR layout	9999999999	NULL	1BHK	fully_furnished	NULL	NULL	NULL	NULL	31000.00	rent	1	2026-04-17 06:44:30	2026-05-22 07:14:21	NULL	[power_backup, cctv, tv, geyser, refrigerator, washing machine, bike parking, terrace, lift, common kitchen, attached bathroom, cupboards, furniture, work desk, couple friendly]	peepal-tree	0	0.00	0	bangalore	2026-04-18 10:23:52	NULL	NULL
190	Peepal Tree 2BHK	HSR layout	9999999999	NULL	2BHK	fully_furnished	NULL	NULL	NULL	NULL	46000.00	rent	1	2026-04-17 06:51:19	2026-05-22 07:14:21	NULL	[power_backup, cctv, geyser, tv, refrigerator, washing machine, bike parking, terrace, lift, common kitchen, attached bathroom, cupboards, furniture, work desk, couple friendly]	peepal-tree-2bhk	0	0.00	0	bangalore	2026-04-18 10:23:52	NULL	NULL
191	778 Lake view residency	Muneshwara Nagar	9999999999	NULL	2BHK	semi_furnished	NULL	NULL	NULL	NULL	25000.00	rent	1	2026-04-17 07:06:36	2026-05-22 07:14:21	NULL	[geyser, security, bike parking, common kitchen, terrace, attached bathroom, cupboards, furniture, study table, couple friendly]	778-lake-view-residency	0	0.00	0	bangalore	2026-05-16 11:07:39	NULL	NULL
192	Sathyadev Coliving PG	Koramangala	9999999999	NULL	PG	semi_furnished	NULL	NULL	NULL	NULL	8000.00	rent	1	2026-04-21 06:55:05	2026-05-22 07:14:21	NULL	[wifi, power_backup, food, housekeeping, cctv, security, fingerprint, geyser, tv, refrigerator, washing machine, bike parking, gym, lift, common kitchen, attached bathroom, couple friendly]	sathyadev-coliving-pg-koramangala	0	0.00	0	bangalore	2026-04-22 07:03:17	NULL	NULL
193	AVOLON LUXE COLIVING	Marathahalli	9999999999	NULL	PG	fully_furnished	NULL	NULL	NULL	NULL	9000.00	rent	1	2026-04-21 07:03:46	2026-05-22 07:14:21	NULL	[wifi, power_backup, food, housekeeping, fingerprint, security, cctv, geyser, tv, refrigerator, washing machine, bike parking, lift, common kitchen, attached bathroom]	avolon-luxe-coliving-pg-marathahalli	0	0.00	0	bangalore	2026-04-22 07:03:17	NULL	NULL
194	Dream stay Colive	HSR Layout	9999999999	NULL	PG	semi_furnished	NULL	NULL	NULL	NULL	9000.00	rent	1	2026-04-21 12:19:06	2026-05-22 07:14:21	NULL	[power_backup, wifi, food, housekeeping, cctv, security, fingerprint, geyser, tv, refrigerator, washing machine, bike parking, lift, couple friendly]	dream-stay-colive-pg-hsr-layout	0	0.00	0	bangalore	2026-04-22 07:03:17	NULL	NULL
195	Daisy Crest Living	Bellandur	9999999999	NULL	PG	fully_furnished	NULL	NULL	NULL	NULL	14000.00	rent	1	2026-04-22 06:06:03	2026-05-22 07:14:21	NULL	[wifi, power_backup, housekeeping, food, cctv, security, fingerprint, washing machine, bike parking, gym, lift, cupboards, study table, couple friendly]	daisy-crest-living-pg-bellandur	0	0.00	0	bangalore	2026-04-22 07:03:17	NULL	NULL
196	RR 28 Coliving PG	Marathahalli	9999999999	NULL	PG	semi_furnished	NULL	NULL	NULL	NULL	11000.00	rent	1	2026-04-22 10:14:53	2026-05-22 07:14:21	NULL	[wifi, power_backup, fingerprint, cctv, security, geyser, washing machine, bike parking, gym, lift, attached bathroom, cupboards, couple friendly, study table]	rr-28-coliving-pg-marathahalli	0	0.00	0	bangalore	2026-04-22 10:27:05	NULL	NULL
197	Nest Homes	Mahadevapura	9999999999	NULL	1BHK	fully_furnished	NULL	NULL	NULL	NULL	28000.00	rent	1	2026-04-27 05:22:21	2026-05-22 07:14:21	NULL	[cctv, refrigerator, bike parking, lift, terrace, furniture]	nest-homes-1bhk-mahadevapura	0	0.00	0	bangalore	2026-05-16 11:07:39	NULL	NULL
198	THRIVE CO-LIVE	Whitefield	9999999999	NULL	PG	fully_furnished	NULL	NULL	NULL	NULL	10000.00	rent	1	2026-04-27 05:32:51	2026-05-22 07:14:21	NULL	[wifi, power_backup, cctv, security, fingerprint, refrigerator, washing machine, bike parking, lift, furniture, cupboards, attached bathroom, study table, couple friendly]	thrive-co-live-pg-whitefield	0	0.00	0	bangalore	2026-05-16 11:07:39	NULL	NULL
199	Trident Coliving	Whitefield	NULL	NULL	PG	fully_furnished	NULL	NULL	NULL	NULL	8000.00	rent	1	2026-04-27 05:37:05	2026-05-22 07:14:21	NULL	[wifi, power_backup, security, food, fingerprint, cctv, tv, geyser, refrigerator, washing machine, bike parking, lift, attached bathroom, cupboards, study table, couple friendly, gym]	trident-coliving-pg-whitefield	0	0.00	0	bangalore	2026-05-16 11:07:39	NULL	NULL
200	Maple Co-living	Marathahalli	NULL	NULL	PG	fully_furnished	NULL	NULL	NULL	NULL	10000.00	rent	1	2026-04-27 05:40:57	2026-05-22 07:14:21	NULL	[wifi, power_backup, food, housekeeping, fingerprint, security, cctv, geyser, tv, refrigerator, washing machine, bike parking, gym, lift, furniture, cupboards, maintenance, couple friendly, study table, attached bathroom]	maple-co-living-pg-marathahalli	0	0.00	0	bangalore	2026-05-16 11:07:40	NULL	NULL
201	Cool Homes PG For Gents	Ashwath Nagar Marathahalli	NULL	NULL	PG	fully_furnished	NULL	NULL	NULL	NULL	8000.00	rent	1	2026-04-27 05:45:02	2026-05-22 07:14:21	NULL	[wifi, power_backup, food, housekeeping, fingerprint, security, cctv, tv, geyser, refrigerator, washing machine, bike parking, gym, lift, common kitchen, attached bathroom, cupboards, study table, couple friendly]	cool-homes-pg-for-gents-ashwath-nagar-marathahalli	0	0.00	0	bangalore	2026-04-27 05:45:02	NULL	NULL
202	Raja's Gents and coliving pg	Marathahalli	NULL	NULL	PG	fully_furnished	NULL	NULL	NULL	NULL	8000.00	rent	1	2026-04-27 05:49:14	2026-05-22 07:14:21	NULL	[wifi, power_backup, food, fingerprint, security, cctv, tv, geyser, refrigerator, washing machine, bike parking, lift, attached bathroom, cupboards, study table, couple friendly]	raja-s-gents-and-coliving-pg-marathahalli	0	0.00	0	bangalore	2026-04-27 05:49:14	NULL	NULL
203	Infinity Living Pg Coliving	Kadugodi metro station	NULL	NULL	PG	fully_furnished	NULL	NULL	NULL	NULL	7500.00	rent	1	2026-04-27 05:51:54	2026-05-22 07:14:21	NULL	[wifi, power_backup, food, fingerprint, security, cctv, geyser, tv, refrigerator, washing machine, bike parking, attached bathroom, cupboards, lift, study table, couple friendly, gym]	infinity-living-pg-coliving-kadugodi-metro-station	0	0.00	0	bangalore	2026-05-16 11:07:40	NULL	NULL
204	Park View Residency	Hosapalaya Muneshwara Nagar	NULL	NULL	1BHK	semi_furnished	NULL	NULL	NULL	NULL	25000.00	rent	1	2026-04-27 05:56:03	2026-05-22 07:14:21	NULL	[security, cctv, bike parking, attached bathroom, cupboards]	park-view-residency-1bhk-hosapalaya-muneshwara-nagar	0	0.00	0	bangalore	2026-05-16 11:07:40	NULL	NULL
205	MG 466 & 469	Electronic city	NULL	NULL	1BHK	fully_furnished	NULL	NULL	NULL	NULL	19998.00	rent	1	2026-04-29 05:07:07	2026-05-22 07:14:21	NULL	[cctv, power_backup, tv, geyser, refrigerator, bike parking, lift]	mg-466-1bhk-electronic-city	0	0.00	0	bangalore	2026-05-16 11:07:40	NULL	NULL
206	Surya Royal Luxury Flats	Sarjapur	NULL	NULL	2BHK	fully_furnished	NULL	NULL	NULL	NULL	40000.00	rent	1	2026-04-29 07:19:16	2026-05-22 07:14:21	NULL	[Amenities Included in the Rent  •⁠  Electricity Bill Included •⁠  Internet Bill Included •⁠  Furnished Rooms •⁠  24/7 Power Backup •⁠  Wooden Cot & Perfect Mattress •⁠  Linens  •⁠  Wardrobe / Almirah  •⁠  Dedicated Washroom •⁠  Hot Water 24×7 •⁠  RO Drinking Water •⁠  Common Dining Area •⁠  Microwave / Refrigerator •⁠  Automatic Washing Machines •⁠  Professional Housekeeping •⁠  Regular Room Service •⁠  High-Speed WiFi •⁠  CCTV Surveillance •⁠  Security Guards •⁠  24/7 Security  SUPER AMENITIES💥 GOOD FOOD🍛]	surya-royal-luxury-flats-2bhk-sarjapur	0	0.00	0	bangalore	2026-04-29 07:19:16	NULL	NULL
207	Sri Hanuman Homes	Shajapur Road	NULL	NULL	1BHK	semi_furnished	NULL	NULL	NULL	NULL	19000.00	rent	1	2026-04-29 09:58:17	2026-05-22 07:14:21	NULL	[geyser, tv, refrigerator, study table]	sri-hanuman-homes-1bhk-shajapur-road	0	0.00	0	bangalore	2026-05-16 11:07:40	NULL	NULL
208	Sri Hanuman Homes	Shajapur Road	NULL	NULL	2BHK	semi_furnished	NULL	NULL	NULL	NULL	24000.00	rent	1	2026-04-29 10:00:01	2026-05-22 07:14:21	NULL	[power_backup, tv, geyser, refrigerator, study table]	sri-hanuman-homes-2bhk-shajapur-road	0	0.00	0	bangalore	2026-05-16 11:07:40	NULL	NULL
209	Zest in costay coliving pg	Electronic City phase 1	NULL	NULL	PG	fully_furnished	NULL	NULL	NULL	NULL	9000.00	rent	1	2026-04-30 05:25:12	2026-05-22 07:14:21	NULL	[wifi, power_backup, security, cctv, fingerprint, geyser, tv, refrigerator, washing machine, bike parking, gym, lift, furniture, study table, couple friendly]	zest-in-costay-coliving-pg-electronic-city-phase-1	0	0.00	0	bangalore	2026-05-16 11:07:40	NULL	NULL
210	Next Gen Coliving pg	E city Neeladri	NULL	NULL	PG	semi_furnished	NULL	NULL	NULL	NULL	7500.00	rent	1	2026-04-30 07:44:32	2026-05-22 07:14:21	NULL	[wifi, power_backup, bed_pillow, geyser, tv, refrigerator, washing machine, cctv, security, fingerprint, lift, bike parking, water_supply_247, dustbin, bucket_mug]	next-gen-coliving-pg-e-city-neeladri	0	0.00	0	bangalore	2026-05-16 11:07:40	NULL	NULL
211	Icon gents pg	Marathahalli	NULL	NULL	PG	semi_furnished	NULL	NULL	NULL	NULL	7500.00	rent	1	2026-04-30 11:07:47	2026-05-22 07:14:21	NULL	[wifi, power_backup, high_speed_wifi, bed_pillow, tv, refrigerator, geyser, fingerprint, security, cctv, bike parking, lift, water_supply_247, dustbin, bucket_mug, study table]	icon-gents-pg-marathahalli	0	0.00	0	bangalore	2026-05-16 11:07:40	NULL	NULL
212	SL Ladies Pg	Embassy tec village	NULL	NULL	PG	semi_furnished	NULL	NULL	NULL	NULL	12000.00	rent	1	2026-05-02 05:57:42	2026-05-22 07:14:21	NULL	[wifi, power_backup, high_speed_wifi, ro_water, bed_pillow, wardrobe, tv, refrigerator, washing machine, geyser, security, cctv, housekeeping, bike parking, lift, water_supply_247, dustbin, bucket_mug, gym]	sl-ledies-pg-embassy-tec-village	0	0.00	0	bangalore	2026-05-16 11:07:40	NULL	NULL
213	Lakshitha luxury Ledies pg	BTM Layout	NULL	NULL	PG	semi_furnished	NULL	NULL	NULL	NULL	8500.00	rent	1	2026-05-02 06:32:04	2026-05-22 07:14:21	NULL	[wifi, power_backup, high_speed_wifi, ro_water, wardrobe, bed_pillow, washing machine, refrigerator, tv, geyser, cctv, security, fingerprint, lift, bike parking, water_supply_247, dustbin, bucket_mug]	lakshitha-luxury-ledies-pg-btm-layout	0	0.00	0	bangalore	2026-05-16 11:07:40	NULL	NULL
214	Sri Lakshmi happy homes girls pg	Behind Crist college	NULL	NULL	PG	semi_furnished	NULL	NULL	NULL	NULL	9000.00	rent	1	2026-05-02 07:23:31	2026-05-22 07:14:21	NULL	[wifi, power_backup, high_speed_wifi, ro_water, wardrobe, bed_pillow, tv, refrigerator, washing machine, geyser, cctv, security, fingerprint, water_supply_247, lift, bike parking, dustbin, bucket_mug, common_dining, food]	sri-lakshmi-happy-homes-girls-pg-behind-crist-college	0	0.00	0	bangalore	2026-05-16 11:07:40	NULL	NULL
215	Halo coliving pg	Kadubeesanahalli	NULL	NULL	PG	semi_furnished	NULL	NULL	NULL	NULL	12500.00	rent	1	2026-05-02 10:07:45	2026-05-22 07:14:21	NULL	[wifi, power_backup, high_speed_wifi, food, ro_water, wardrobe, bed_pillow, washing machine, refrigerator, tv, geyser, cctv, security, fingerprint, bike parking, lift, water_supply_247, dustbin, bucket_mug]	halo-coliving-pg-kadubeesanahalli	0	0.00	0	bangalore	2026-05-16 11:07:40	NULL	NULL
216	Halo coliving pg unit 2	Kadubeesanahalli	NULL	NULL	PG	semi_furnished	NULL	NULL	NULL	NULL	13000.00	rent	1	2026-05-02 10:55:07	2026-05-22 07:14:21	NULL	[wifi, high_speed_wifi, power_backup, ro_water, wardrobe, bed_pillow, washing machine, tv, refrigerator, geyser, security, cctv, fingerprint, lift, bike parking, water_supply_247, dustbin, bucket_mug, study table]	halo-coliving-pg-unit-2-kadubeesanahalli	0	0.00	0	bangalore	2026-05-16 11:07:40	NULL	NULL
217	Jyothis Living Spaces	BEML Layout-All AC | Near Brigade Tech Gardens	NULL	NULL	PG	fully_furnished	NULL	NULL	NULL	NULL	17999.00	rent	1	2026-05-05 05:31:09	2026-05-22 07:14:21	NULL	[power_backup, ro_water, bed_pillow, wardrobe, ac, geyser, tv, refrigerator, cctv, bike parking, Fully furnished rooms Bed cot and pillow  Study table chair  AC rooms Balcony  Common washing machine  Discussion area  Canteen area  Cupboard  Bike parking]	jyothis-living-spaces-pg-beml-layout-all-ac-near-brigade-tech-gardens	0	0.00	0	bangalore	2026-05-16 11:07:40	NULL	NULL
218	Eden premium studio rooms and eden premium Coliving pg	kadubeesanahalli	NULL	NULL	PG	fully_furnished	NULL	NULL	NULL	NULL	13500.00	rent	1	2026-05-05 05:52:00	2026-05-22 07:14:21	NULL	[wifi, ro_water, wardrobe, bed_pillow, geyser, tv, refrigerator, cctv, bike parking, 3 time sfood Wifi Lift Power backup  Daily cleaning  Bike parking  Game zone Gym Work space  Reception  Common kitchen Common washing machine  Drying area Bed cot pillow  Study table and chair Smart tv Mug bucket, food, gym]	eden-premium-studio-rooms-and-coliving-pg-kadubeesanahalli	0	0.00	0	bangalore	2026-05-16 11:07:40	NULL	NULL
219	Pixel premium ladies pg	panathur	NULL	NULL	PG	fully_furnished	NULL	NULL	NULL	NULL	9000.00	rent	1	2026-05-06 11:44:06	2026-05-22 07:14:21	NULL	[wifi, power_backup, food, common_dining, ro_water, common kitchen, furniture, bed_pillow, tv, washing machine, water_supply_247, lift, gym, room_service]	pixel-premium-ladies-pg-panathur	0	0.00	0	bangalore	2026-05-16 11:07:40	NULL	NULL
220	PMN  Homes	Kadubeesanahalli	NULL	NULL	2BHK	fully_furnished	NULL	NULL	NULL	NULL	45000.00	rent	1	2026-05-06 11:54:28	2026-05-22 07:14:21	NULL	[tv, teapoy, stove, ro_water, bike parking, lift]	pmn-homes-2bhk-kadubeesanahalli	0	0.00	0	bangalore	2026-05-16 11:07:40	NULL	NULL
221	Stay inn	Whitefield	NULL	NULL	1BHK	fully_furnished	NULL	NULL	NULL	NULL	28000.00	rent	1	2026-05-06 11:59:09	2026-05-22 07:14:21	NULL	[balcony, bike parking, lift, refrigerator, ro_water, stove, sofa, study table, furniture, wardrobe]	stay-inn-1bhk-whitefield	0	0.00	0	bangalore	2026-05-16 11:07:40	NULL	NULL
222	AR HOMES	Whitefield	NULL	NULL	1BHK	fully_furnished	NULL	NULL	NULL	NULL	25000.00	rent	1	2026-05-06 12:08:34	2026-05-22 07:14:21	NULL	[power_backup, tv, washing machine, refrigerator, wifi, geyser, bike parking, ro_water, sofa, bed_pillow, lift, fingerprint, security, balcony]	ar-homes-1bhk-whitefield	0	0.00	0	bangalore	2026-05-16 11:07:40	NULL	NULL
223	Domo Living - Lotus House	Sarjapur	NULL	NULL	1BHK	fully_furnished	NULL	NULL	NULL	NULL	23999.00	rent	1	2026-05-07 11:56:46	2026-05-22 07:14:21	NULL	[housekeeping, maintenance, bike parking, power_backup, water_supply_247, ro_water, refrigerator, microwave, stove, wooden_cot, furniture, wardrobe, bed_pillow, cctv, tv, gym, wifi]	domo-living-lotus-house-1bhk-sarjapur	0	0.00	0	bangalore	2026-05-16 11:07:40	NULL	NULL
224	Domo Living Pearl House	Whitefield	NULL	NULL	1BHK	fully_furnished	NULL	NULL	NULL	NULL	25000.00	rent	1	2026-05-07 12:13:53	2026-05-22 07:14:21	NULL	[wifi, power_backup, ro_water, furniture, wooden_cot, wardrobe, bed_pillow, refrigerator, tv, microwave, stove, cctv, maintenance, housekeeping, bike parking, lift, gym]	domo-living-pearl-house-1bhk-whitefield	0	0.00	0	bangalore	2026-05-16 11:07:41	NULL	NULL
225	Abhishek Co-Living Pg	Mahadevapura	NULL	NULL	PG	fully_furnished	NULL	NULL	NULL	NULL	11000.00	rent	1	2026-05-07 12:20:19	2026-05-22 07:14:21	NULL	[water_supply_247, room_service, washing machine, food, wifi, power_backup, tv, work desk, lift, security, refrigerator, furniture, common kitchen]	abhishek-co-living-pg-mahadevapura	0	0.00	0	bangalore	2026-05-16 11:07:41	NULL	NULL
226	SLV Prime living pg	Halasuru	NULL	NULL	PG	fully_furnished	NULL	NULL	NULL	NULL	9500.00	rent	1	2026-05-08 07:13:11	2026-05-22 07:14:21	NULL	[wifi, tv, washing machine, food, study table, lift, power_backup, maintenance, common kitchen, ro_water, cctv, security, fingerprint, dustbin, terrace]	slv-prime-living-pg-halasuru	0	0.00	0	bangalore	2026-05-16 11:07:41	NULL	NULL
227	The Nest Coliving pg	Koramangala	NULL	NULL	PG	fully_furnished	NULL	NULL	NULL	NULL	8000.00	rent	1	2026-05-08 07:19:10	2026-05-22 07:14:21	NULL	[power_backup, wifi, ro_water, bike parking, parking, room_service, security, cctv, furniture, common_dining, fingerprint, maintenance]	the-nest-coliving-pg-koramangala	0	0.00	0	bangalore	2026-05-16 11:07:41	NULL	NULL
228	Vintage PG – Spice Garden	Marathahalli	NULL	NULL	PG	fully_furnished	NULL	NULL	NULL	NULL	10500.00	rent	1	2026-05-08 07:29:30	2026-05-22 07:14:21	NULL	[high_speed_wifi, tv, washing machine, food, study table, lift, power_backup, room_service, security, cctv, fingerprint]	vintage-pg-spice-garden-marathahalli	0	0.00	0	bangalore	2026-05-16 11:07:41	NULL	NULL
229	Sai Venkateswara colive	Marathahalli	NULL	NULL	PG	fully_furnished	NULL	NULL	NULL	NULL	9500.00	rent	1	2026-05-08 07:33:17	2026-05-22 07:14:21	NULL	[study table, food, geyser, power_backup, bike parking, lift, wooden_cot, bed_pillow, refrigerator, washing machine, high_speed_wifi, furniture]	sai-venkateswara-colive-pg-marathahalli	0	0.00	0	bangalore	2026-05-16 11:07:41	NULL	NULL
230	Livoza premium coliving	koramangala	NULL	NULL	PG	fully_furnished	NULL	NULL	NULL	NULL	16000.00	rent	1	2026-05-08 10:03:28	2026-05-22 07:14:21	NULL	[high_speed_wifi, tv, washing machine, food, study table, lift, power_backup, security, cctv, fingerprint, furniture, room_service, ro_water]	livoza-premium-coliving-pg-koramangala	0	0.00	0	bangalore	2026-05-16 11:07:41	NULL	NULL
231	DEN Homes 1 & 2 BHK	panathur	NULL	NULL	1BHK	fully_furnished	NULL	NULL	NULL	NULL	26000.00	rent	1	2026-05-09 07:30:36	2026-05-22 07:14:21	NULL	[tv, refrigerator, washing machine, bike parking, lift, bed_pillow, sofa, teapoy, ro_water, stove, cylinder, bucket_mug, study table, power_backup]	den-homes-1-2-bhk-1bhk-panathur	0	0.00	0	bangalore	2026-05-16 11:07:41	NULL	NULL
232	Opta coliving pg	Bellandur	NULL	NULL	PG	fully_furnished	NULL	NULL	NULL	NULL	7500.00	rent	1	2026-05-09 09:06:32	2026-05-22 07:14:21	NULL	[dustbin, common_dining, lift, bike parking, tv, washing machine, wifi, wardrobe, refrigerator, study table, bed_pillow, ro_water, power_backup, security, cctv, fingerprint, room_service, maintenance]	opta-coliving-pg-bellandur	0	0.00	0	bangalore	2026-05-16 11:07:41	NULL	NULL
233	Elev8 coliving pg	Bellandur	NULL	NULL	PG	fully_furnished	NULL	NULL	NULL	NULL	7500.00	rent	1	2026-05-09 09:21:31	2026-05-22 07:14:21	NULL	[bed_pillow, refrigerator, study table, wardrobe, washing machine, tv, lift, bike parking, common_dining, dustbin, ro_water, cctv, security, room_service, maintenance, fingerprint]	elve-8-coliving-pg-bellandur	0	0.00	0	bangalore	2026-05-16 11:07:41	NULL	NULL
234	Cyra flats 1bhk	Whitefield	NULL	NULL	1BHK	fully_furnished	NULL	NULL	NULL	NULL	28000.00	rent	1	2026-05-09 09:32:33	2026-05-22 07:14:21	NULL	[refrigerator, ro_water, stove, sofa, study table, power_backup, balcony, lift, bike parking]	cyra-flats-1bhk-whitefield	0	0.00	0	bangalore	2026-05-16 11:07:41	NULL	NULL
235	Sri Venkateshwara Coliving pg	Jayanagar	NULL	NULL	PG	fully_furnished	NULL	NULL	NULL	NULL	7000.00	rent	1	2026-05-14 05:02:24	2026-05-22 07:14:21	NULL	[wifi, power_backup, wooden_cot, wardrobe, geyser, tv, refrigerator, fingerprint, cctv, security, maintenance, dustbin, water_supply_247, lift, bike parking]	sri-venkateshwara-coliving-pg-tilak-nagar-jaynagar	0	0.00	0	bangalore	2026-05-16 11:07:41	NULL	NULL
236	MSR Studio Rooms	Kodbisanhalli	NULL	NULL	PG	fully_furnished	NULL	NULL	NULL	NULL	20000.00	rent	1	2026-05-14 05:07:30	2026-05-22 07:14:21	NULL	[wifi, power_backup, food, common kitchen, bed_pillow, wooden_cot, furniture, geyser, tv, refrigerator, stove, cctv, security, housekeeping, dustbin, water_supply_247, lift, bike parking, bucket_mug, Fully furnished  Smart tv  Study table chair  Pillow cot bed and bedsheet tavel Bucket mug  Plates  Cooker Stove  Spoon fork Glass  Lift Bike parking  Wifi Power backup  Balcony  Fridge]	msr-studio-rooms-pg	0	0.00	0	bangalore	2026-05-16 11:07:41	NULL	NULL
237	LivX Building	Whitefield	NULL	NULL	1BHK	fully_furnished	NULL	NULL	NULL	NULL	21000.00	rent	1	2026-05-14 05:11:38	2026-05-22 07:14:21	NULL	[cctv, security, stove, teapoy, bed_pillow, wardrobe, wooden_cot, bike parking, dustbin, bucket_mug, without balcony, parking, Fully Furnished Balcony  Tv Parking Cctv Hot Water 24/7 Power Backup Wooden Cot & Perfect Mattress 24/7 Security Security Guards Shoe Rack  Car Parking]	livx-building-1bhk-whitefield	0	0.00	0	bangalore	2026-05-16 11:07:41	NULL	NULL
238	THE BROOKLYN INN PREMIUM CO-LIVING/GENTS PG	Marathalli	NULL	NULL	PG	fully_furnished	NULL	NULL	NULL	NULL	8500.00	rent	1	2026-05-14 05:15:50	2026-05-22 07:14:21	NULL	[wifi, food, ro_water, high_speed_wifi, power_backup, furniture, wooden_cot, bed_pillow, refrigerator, tv, geyser, cctv, security, housekeeping, maintenance, lift, bike parking, water_supply_247, dustbin, bucket_mug, study table, 1,2,3,&4 LUXURIOUS SHARINGS Premium plywood coats Cot size (storage coat) Double 3*6 Bed size 8inch (Duroflex) with Bed protector  Single coat 5*6 3, 4share coat 2½*6 PREMIUM wardrobe for each PREMIUM study table with chair Wall clock Premium mirror  Dustbin  PREMIUM shoe stand Bathroom bucket & mug Hand shower all bath rooms Mirror  Soap stand Each floor drinking water Each floor fridge  High speed act internet unlimited  Commercial fitness zone Big gaming zone Washing meachine area Working space  Very big dining hall  PREMIUM chilled waiting lungue & Reception  Higynic pantry  Self kitchen  Tooster  Microwaven  Common iraning area Common Library self Two BiG premium entertainment screens Total building  Cc tv servolance Power back up Daily house keeping  3 time higynic homely food]	the-brooklyn-inn-premium-co-living-gents-pg-marathalli	0	0.00	0	bangalore	2026-05-16 11:07:41	NULL	NULL
239	Lorven Heights	AECS Layout,Brookfield	NULL	NULL	1BHK	fully_furnished	NULL	NULL	NULL	NULL	33000.00	rent	1	2026-05-14 05:19:26	2026-05-22 07:14:21	NULL	[power_backup, wooden_cot, wardrobe, bed_pillow, tv, refrigerator, geyser, stove, security, cctv, bike parking, water_supply_247, dustbin, bucket_mug, Please find the *1bhks* info Rent *28k* (including power bill) Deposit: *60k Negotiable*    *Amenities providing*  *Hall* \t•\tDoor mat \t•\tWindow curtains \t•\tSofa \t•\tSmart TV🖥️ \t•\tShoe rack *Kitchen* \t•\tRefrigerator  \t•\tWater purifier  \t•\tGas stove \t•\tDustbin    * Rice cooker  *Bedroom* \t•\tCot (Queen size)🛌 \t•\tMattress  \t•\tBedsheet \t•\tPillows  \t•\tPillow covers \t•\tWardrobe  \t•\tWorking table \t•\tChair🪑 \t•\tAttached Balcony  *Washroom* \t•\tBucket🪣 \t•\tMug \t•\tGeyser  *Balcony* \t•\tclothes Dry hanger  *Extra amenities* \t•\tZero maintenance 🧑‍🔧  \t•\tZero water bill 🚿  \t•\tCommon washing machines 🎛️ \t•\tLift 🛗  \t•\tSecurity Guard 💂  \t•\tHuge parking space 🛵  \t•\tPower backup ⚡️ 🔋]	lorven-heights-1bhk	0	0.00	0	bangalore	2026-05-16 11:07:41	NULL	NULL
240	Stay homes	Marathahalli	NULL	NULL	1BHK	fully_furnished	NULL	NULL	NULL	NULL	16000.00	rent	1	2026-05-14 05:24:49	2026-05-22 07:14:21	NULL	[wifi, power_backup, high_speed_wifi, ro_water, wardrobe, wooden_cot, geyser, tv, refrigerator, washing machine, security, cctv, housekeeping, bike parking, water_supply_247, lift]	stay-homes-1bhk-doddanekundi	0	0.00	0	bangalore	2026-05-16 11:07:41	NULL	NULL
241	VSR dweel coliving pg	Kundalahalli	NULL	NULL	PG	semi_furnished	NULL	NULL	NULL	NULL	14000.00	rent	1	2026-05-14 05:29:47	2026-05-22 07:14:30	NULL	[wifi, power_backup, high_speed_wifi, ro_water, teapoy, geyser, tv, refrigerator, washing machine, cctv, security, bike parking, lift, water_supply_247, dustbin, bucket_mug, gym]	vsr-dweel-coliving-pg	0	3.00	2	bangalore	2026-05-22 07:14:30	NULL	2026-04-27 07:14:30
242	Pixel coliving	Kadubesanahalli	NULL	NULL	PG	fully_furnished	NULL	NULL	NULL	NULL	14000.00	rent	1	2026-05-14 05:33:11	2026-05-22 07:14:30	NULL	[wifi, power_backup, refrigerator, geyser, cctv, security, lift, bike parking]	pixel-coliving-pg-kadubesanahalli	0	4.50	2	bangalore	2026-05-22 07:14:30	2026-05-22 07:14:30	2026-04-30 07:14:30
243	OLIVING	Mahadevapura	NULL	NULL	1BHK	fully_furnished	NULL	NULL	NULL	NULL	27000.00	rent	1	2026-05-14 05:36:43	2026-05-22 07:14:21	NULL	[ro_water, wardrobe, bed_pillow, tv, refrigerator, security, cctv, bike parking, water_supply_247, dustbin, bucket_mug, stove, geyser, wooden_cot, sofa]	oliving-1bhk-mahadebvpura	0	0.00	0	bangalore	2026-05-16 11:07:43	NULL	NULL
244	Elite homes 1RK	Munnekolala	NULL	NULL	1RK	fully_furnished	NULL	NULL	NULL	NULL	17000.00	rent	1	2026-05-15 10:40:05	2026-05-22 07:14:21	NULL	[ro_water, wardrobe, wooden_cot, furniture, washing machine, stove]	elite-homes-1rk-munnekolala	0	0.00	0	bangalore	2026-05-16 11:07:43	NULL	NULL
245	Elite homes 1BHK	Munnekolala	NULL	NULL	1BHK	fully_furnished	NULL	NULL	NULL	NULL	26000.00	rent	1	2026-05-15 10:53:29	2026-05-22 07:14:21	NULL	[ro_water, furniture, wooden_cot, wardrobe, teapoy, sofa, bed_pillow, study table, washing machine, stove]	elite-homes-1bhk-munnekolala	0	0.00	0	bangalore	2026-05-16 11:07:43	NULL	NULL
246	EKTA  Homes	kasavanahalli	NULL	NULL	1BHK	semi_furnished	NULL	NULL	NULL	NULL	28000.00	rent	1	2026-05-15 12:10:24	2026-05-22 07:14:21	NULL	[ro_water, teapoy, bed_pillow, tv, refrigerator, cctv, water_supply_247, gym]	etha-homes-1bhk-kasavanahalli	0	0.00	0	bangalore	2026-05-19 05:44:30	NULL	NULL
247	Urban Stay Nalurhalli	WHITEFIELD	NULL	NULL	2BHK	fully_furnished	NULL	NULL	NULL	NULL	38000.00	rent	1	2026-05-16 10:14:17	2026-05-22 07:14:21	NULL	[power_backup, sofa, teapoy, wardrobe, wooden_cot, furniture, tv, refrigerator, stove, geyser, cctv, water_supply_247, dustbin, bucket_mug]	urban-stay-nalurhalli-2bhk-whitefield	0	0.00	0	bangalore	2026-05-16 11:07:43	NULL	NULL
248	Urban Living	HSR Layout	NULL	NULL	1BHK	fully_furnished	NULL	NULL	NULL	NULL	30000.00	rent	1	2026-05-17 09:55:11	2026-05-22 07:14:21	NULL	[wardrobe, teapoy, bed_pillow, tv, refrigerator, geyser, stove, water_supply_247, dustbin, bucket_mug, balcony, work desk, ro_water, study table, sofa]	urban-homes-1bhk-hsr-layout	0	5.00	3	bangalore	2026-05-22 07:14:21	NULL	2026-05-17 10:06:28
249	Slink INN Coliving PG	Kadubeesanahalli	NULL	NULL	PG	fully_furnished	NULL	NULL	NULL	NULL	12000.00	rent	1	2026-05-19 06:03:36	2026-05-22 07:14:30	NULL	[wifi, power_backup, ro_water, wardrobe, bed_pillow, tv, refrigerator, geyser, washing machine, cctv, security, fingerprint, housekeeping, water_supply_247, lift, bike parking, dustbin, bucket_mug]	slink-inn-coliving-pg-kadubeesanahalli	0	4.50	2	bangalore	2026-05-22 07:14:30	NULL	2026-05-04 07:14:30
250	Avila co-living	Marathahalli	NULL	NULL	PG	fully_furnished	NULL	NULL	NULL	NULL	9500.00	rent	1	2026-05-19 06:05:47	2026-05-22 07:14:30	NULL	[wifi, power_backup, common_dining, wardrobe, wooden_cot, bed_pillow, washing machine, refrigerator, tv, geyser, security, cctv, housekeeping, lift, water_supply_247, dustbin, bucket_mug]	avila-co-living-pg-marathahalli	0	4.50	2	bangalore	2026-05-22 07:14:30	2026-05-22 07:14:30	2026-05-14 07:14:30
251	Lyvn Stay	Aecs layout	NULL	NULL	1BHK	fully_furnished	NULL	NULL	NULL	NULL	27997.00	rent	1	2026-05-19 06:10:37	2026-05-22 07:14:21	NULL	[common kitchen, furniture, bed_pillow, stove, security, water_supply_247, balcony, lift, geyser, refrigerator]	lyvn-stay-1bhk-aecs-layout	0	0.00	0	bangalore	2026-05-19 11:44:48	NULL	NULL
252	Billekahalli homes	BTM Layout	NULL	NULL	1BHK	fully_furnished	NULL	NULL	NULL	NULL	24998.00	rent	1	2026-05-20 11:50:38	2026-05-22 07:14:21	NULL	[ro_water, common kitchen, bed_pillow, teapoy, sofa, refrigerator, tv, stove, security, bike parking, dustbin, bucket_mug, water_supply_247]	billekahalli-homes-1bhk-btm-layout	0	0.00	0	bangalore	2026-05-20 11:52:58	NULL	NULL
253	AA premium coliving pg	Whitefield	NULL	NULL	PG	fully_furnished	NULL	NULL	NULL	NULL	9000.00	rent	1	2026-05-20 11:55:07	2026-05-22 07:14:30	NULL	[ro_water, wardrobe, bed_pillow, stove, tv, refrigerator, security, bike parking, water_supply_247, dustbin, bucket_mug, wifi, food, wooden_cot, geyser, washing machine, cctv, fingerprint, lift, study table]	aa-premium-coliving-pg-1bhk-whitefield	0	4.00	2	bangalore	2026-05-22 07:14:30	NULL	2026-02-22 07:14:30
254	AA sparrow nest co-living	Kundalahalli	NULL	NULL	PG	fully_furnished	NULL	NULL	NULL	NULL	14002.00	rent	1	2026-05-20 11:59:28	2026-05-23 06:51:51	NULL	[wifi, ro_water, sofa, bed_pillow, wooden_cot, geyser, tv, refrigerator, washing machine, cctv, security, fingerprint, lift, water_supply_247, bike parking, dustbin, bucket_mug, study table]	aa-sparrow-nest-co-living-pg-kundalahalli	0	4.50	2	bangalore	2026-05-23 06:51:52	2026-05-22 07:14:30	2026-03-26 07:14:30
255	Connect Home	Marathahalli	NULL	NULL	1BHK	fully_furnished	NULL	NULL	NULL	NULL	18000.00	rent	1	2026-05-20 12:00:56	2026-05-22 07:14:21	NULL	[power_backup, ro_water, teapoy, bed_pillow, refrigerator, geyser, security, water_supply_247, bucket_mug, dustbin]	connect-home-1bhk-marathahalli	0	0.00	0	bangalore	2026-05-20 12:00:56	NULL	NULL
256	OSR Premium stay Ladies Pg	JP Nagar	NULL	NULL	PG	semi_furnished	NULL	NULL	NULL	NULL	7000.00	rent	1	2026-05-21 12:48:32	2026-05-23 06:47:57	NULL	[wifi, power_backup, ro_water, refrigerator, washing machine, teapoy, sofa, wardrobe, cctv, security, fingerprint, lift, bike parking, water_supply_247, dustbin, bucket_mug, study table]	osr-premium-stay-ladies-pg-jp-nagar	0	5.00	2	bangalore	2026-05-23 06:47:58	2026-05-22 07:14:30	2026-05-02 07:14:30
257	SS Livings Luxury Ladies Pg	Bannerghatta Rd	NULL	NULL	PG	fully_furnished	NULL	NULL	NULL	NULL	7497.00	rent	1	2026-05-21 12:52:47	2026-05-23 06:49:25	NULL	[wifi, common_dining, power_backup, ro_water, wardrobe, teapoy, bed_pillow, tv, refrigerator, geyser, cctv, security, fingerprint, lift, water_supply_247, bike parking, dustbin, bucket_mug, study table]	ss-livings-luxury-ladies-pg-bannerghatta-rd	0	4.50	2	bangalore	2026-05-23 06:49:25	NULL	2026-03-25 07:14:30
258	7 Hills	Marathahalli	NULL	NULL	1RK	semi_furnished	NULL	NULL	NULL	NULL	20000.00	rent	1	2026-05-21 12:56:54	2026-05-22 07:14:21	NULL	[wifi, power_backup, ro_water, wooden_cot, wardrobe, bed_pillow, geyser, tv, washing machine, refrigerator, security, cctv, fingerprint, lift, bike parking, water_supply_247, dustbin, bucket_mug, study table]	7-hills-1rk-marathahalli	0	0.00	0	bangalore	2026-05-21 12:56:54	NULL	NULL
259	MK Flats	BTM Layout	NULL	NULL	2BHK	fully_furnished	NULL	NULL	NULL	NULL	30999.00	rent	1	2026-05-21 12:58:52	2026-05-26 05:15:37	NULL	[ro_water, wardrobe, bed_pillow, tv, refrigerator, geyser, stove, security, bike parking, water_supply_247, dustbin, bucket_mug]	mk-flats-2bhk	0	0.00	0	bangalore	2026-05-26 05:15:38	NULL	NULL
260	SR comfort PG For Gents	Bannerghatta Rd	NULL	NULL	PG	fully_furnished	NULL	NULL	NULL	NULL	6500.00	rent	1	2026-05-26 04:52:46	2026-05-26 05:15:11	NULL	[wifi, ro_water, teapoy, bed_pillow, wooden_cot, geyser, tv, refrigerator, security, security_guards, lift, bike parking, fingerprint, water_supply_247, dustbin, bucket_mug]	sr-comfort-pg-for-gents-bannerghatta-rd	0	NULL	0	bangalore	2026-05-26 05:15:11	NULL	NULL
261	Murali Krishna Elite Colive	BTM Layout	NULL	NULL	PG	fully_furnished	NULL	NULL	NULL	NULL	9500.00	rent	1	2026-05-26 04:54:51	2026-05-26 05:17:50	NULL	[wifi, power_backup, high_speed_wifi, ro_water, common kitchen, furniture, wooden_cot, wardrobe, bed_pillow, teapoy, washing machine, refrigerator, tv, geyser, security, maintenance, lift, bike parking, water_supply_247, dustbin, bucket_mug, work desk]	murali-krishna-elite-colive-pg-btm-layout	0	NULL	0	bangalore	2026-05-26 05:17:51	NULL	NULL
262	Sri Rama Ladies Pg	HSR Layout	NULL	NULL	PG	fully_furnished	NULL	NULL	NULL	NULL	6500.00	rent	1	2026-05-26 04:56:29	2026-05-26 05:19:58	NULL	[wifi, power_backup, food, ro_water, wardrobe, furniture, wooden_cot, teapoy, bed_pillow, washing machine, refrigerator, tv, geyser, security, cctv, fingerprint, housekeeping, maintenance, lift, bike parking, water_supply_247, dustbin, bucket_mug, work desk]	sri-rama-ladies-pg-hsr-layout	0	NULL	0	bangalore	2026-05-26 05:19:58	NULL	NULL
263	Sri sai pg for gents	HSR Layout	NULL	NULL	PG	fully_furnished	NULL	NULL	NULL	NULL	8500.00	rent	1	2026-05-26 04:58:36	2026-05-26 05:21:31	NULL	[wifi, power_backup, food, ro_water, sofa, teapoy, bed_pillow, wardrobe, furniture, geyser, tv, refrigerator, washing machine, cctv, security, fingerprint, housekeeping, maintenance, lift, bike parking, water_supply_247, dustbin, bucket_mug]	sri-sai-pg-for-gents-hsr-layout	0	NULL	0	bangalore	2026-05-26 05:21:31	NULL	NULL
264	Jp royal gents pg	JP Nagar	NULL	NULL	PG	fully_furnished	NULL	NULL	NULL	NULL	9500.00	rent	1	2026-05-26 05:00:14	2026-05-26 05:22:41	NULL	[wifi, power_backup, high_speed_wifi, common_dining, ro_water, wardrobe, wooden_cot, teapoy, sofa, bed_pillow, geyser, tv, refrigerator, washing machine, cctv, security, fingerprint, housekeeping, maintenance, bike parking, lift, water_supply_247, dustbin, bucket_mug, study table]	jp-royal-gents-pg-nagar	0	NULL	0	bangalore	2026-05-26 05:22:41	NULL	NULL
265	Jp platinum coliving pg	JP nagar	NULL	NULL	PG	fully_furnished	NULL	NULL	NULL	NULL	9500.00	rent	1	2026-05-26 05:03:08	2026-05-26 05:30:29	NULL	[wifi, common_dining, ro_water, wooden_cot, wardrobe, sofa, bed_pillow, geyser, tv, refrigerator, washing machine, security, cctv, fingerprint, housekeeping, bike parking, lift, water_supply_247, dustbin, bucket_mug, study table, power_backup]	jp-platinum-coliving-pg-nagar	0	NULL	0	bangalore	2026-05-26 05:30:30	NULL	NULL
266	Livingnest Falcon - Coliving	Hongasandra	NULL	NULL	PG	fully_furnished	NULL	NULL	NULL	NULL	11000.00	rent	1	2026-05-26 05:04:38	2026-05-26 05:28:46	NULL	[wifi, power_backup, ro_water, wooden_cot, sofa, bed_pillow, washing machine, refrigerator, tv, geyser, cctv, security, fingerprint, housekeeping, lift, bike parking, water_supply_247, dustbin, bucket_mug, study table]	livingnest-falcon-coliving-pg-hongasandra	0	NULL	0	bangalore	2026-05-26 05:28:47	NULL	NULL
267	Kyro Coliving pg	Kormangala	NULL	NULL	PG	fully_furnished	NULL	NULL	NULL	NULL	11000.00	rent	1	2026-05-26 05:06:14	2026-05-26 05:32:21	NULL	[wifi, power_backup, common_dining, ro_water, wardrobe, wooden_cot, bed_pillow, sofa, washing machine, refrigerator, tv, geyser, cctv, security, fingerprint, housekeeping, maintenance, lift, bike parking, water_supply_247, dustbin, bucket_mug, study table]	kyro-coliving-pg-kormangala	0	NULL	0	bangalore	2026-05-26 05:32:21	NULL	NULL
268	Velora coliving pg	Sarjapur	NULL	NULL	PG	fully_furnished	NULL	NULL	NULL	NULL	8997.00	rent	1	2026-05-26 05:07:34	2026-05-26 05:33:17	NULL	[wifi, power_backup, ro_water, sofa, bed_pillow, wardrobe, wooden_cot, furniture, geyser, tv, refrigerator, washing machine, cctv, security, fingerprint, housekeeping, maintenance, lift, water_supply_247, dustbin, study table]	velora-coliving-pg-sarjapur	0	NULL	0	bangalore	2026-05-26 05:33:18	NULL	NULL
269	Zest In Ladies Pg	Whitefield	NULL	NULL	PG	semi_furnished	NULL	NULL	NULL	NULL	7000.00	rent	1	2026-05-26 05:08:53	2026-05-26 05:35:08	NULL	[wifi, power_backup, food, common_dining, ro_water, wardrobe, teapoy, bed_pillow, refrigerator, tv, geyser, washing machine, cctv, security, fingerprint, maintenance, housekeeping, lift, bike parking, water_supply_247, dustbin, bucket_mug, study table]	zest-in-ladies-pg-whitefield	0	NULL	0	bangalore	2026-05-26 05:35:08	NULL	NULL
270	Jp Classic Co-living Pg	Bannergatta Road	NULL	NULL	PG	fully_furnished	NULL	NULL	NULL	NULL	9500.00	rent	1	2026-05-26 05:10:18	2026-05-26 05:37:23	NULL	[wifi, power_backup, food, ro_water, teapoy, bed_pillow, wardrobe, furniture, geyser, tv, refrigerator, washing machine, cctv, fingerprint, security, housekeeping, maintenance, bike parking, lift, water_supply_247, dustbin, bucket_mug, study table, attached bathroom]	jp-classic-co-living-pg-bannergatta-road	0	NULL	0	bangalore	2026-05-26 05:37:24	NULL	NULL
271	ISHA Grand coliving pg	Hebbal	NULL	NULL	PG	fully_furnished	NULL	NULL	NULL	NULL	9000.00	rent	1	2026-05-26 05:11:47	2026-05-26 05:39:06	NULL	[wifi, power_backup, food, ro_water, wardrobe, furniture, wooden_cot, bed_pillow, teapoy, sofa, washing machine, refrigerator, tv, geyser, cctv, security, fingerprint, housekeeping, maintenance, bike parking, lift, water_supply_247, dustbin, bucket_mug, study table]	isha-grand-coliving-pg-hebbal	0	NULL	0	bangalore	2026-05-26 05:39:07	NULL	NULL
272	Maruthi manor	Indiranagar	NULL	NULL	1BHK	fully_furnished	NULL	NULL	NULL	NULL	43000.00	rent	1	2026-05-26 05:13:10	2026-05-26 05:41:34	NULL	[wifi, power_backup, food, ro_water, wooden_cot, wardrobe, sofa, teapoy, bed_pillow, geyser, tv, refrigerator, washing machine, cctv, security, fingerprint, maintenance, housekeeping, bike parking, lift, water_supply_247, dustbin, bucket_mug, study table]	maruthi-manor-1bhk-indiranagar	0	NULL	0	bangalore	2026-05-26 05:41:35	NULL	NULL
273	Felix-e	BTM Layout	NULL	NULL	1BHK	semi_furnished	NULL	NULL	NULL	NULL	20000.00	rent	1	2026-05-28 06:22:05	2026-05-28 06:32:09	NULL	[ro_water, furniture, geyser, refrigerator, tv, washing machine, security, water_supply_247, bike parking]	felix-e-1bhk-btm-layout	0	NULL	0	bangalore	2026-05-28 06:32:10	NULL	NULL
274	White marble homes	BTM Layout	NULL	NULL	1BHK	semi_furnished	NULL	NULL	NULL	NULL	24998.00	rent	1	2026-05-28 06:24:04	2026-05-28 06:30:19	NULL	[furniture, wooden_cot, tv, geyser, refrigerator, washing machine, security, bike parking, water_supply_247]	white-marble-homes-1bhk-btm-layout	0	NULL	0	bangalore	2026-05-28 06:30:20	NULL	NULL
275	Hive Coliving	AECS Layout	NULL	NULL	PG	semi_furnished	NULL	NULL	NULL	NULL	14000.00	rent	1	2026-05-28 06:27:44	2026-05-28 06:27:44	NULL	[wifi, power_backup, high_speed_wifi, food, ro_water, furniture, wooden_cot, wardrobe, bed_pillow, sofa, geyser, tv, refrigerator, washing machine, cctv, security, fingerprint, housekeeping, maintenance, water_supply_247, lift, bike parking, dustbin, bucket_mug, attached bathroom, study table]	hive-coliving-pg-aecs-layout	0	NULL	0	bangalore	NULL	NULL	NULL
276	RM Coliving pg	Marathahalli	NULL	NULL	PG	semi_furnished	NULL	NULL	NULL	NULL	12000.00	rent	1	2026-05-28 06:34:54	2026-05-28 06:34:54	NULL	[wifi, power_backup, high_speed_wifi, food, ro_water, furniture, wooden_cot, sofa, bed_pillow, tv, refrigerator, washing machine, geyser, security, fingerprint, housekeeping, maintenance, bike parking, lift, water_supply_247, dustbin, bucket_mug, attached bathroom, study table]	rm-coliving-pg-marathahalli	0	NULL	0	bangalore	NULL	NULL	NULL
